Date,Symbol,Unadjusted_Open,Unadjusted_High,Unadjusted_Low,Unadjusted_Close,Unadjusted_Volume
2017-07-05,BKR,40.54,40.54,37.53,37.56,345692
2017-07-06,BKR,38.09,38.09,36.52,37.01,5133756
2017-07-07,BKR,37.79,38.46,36.13,37.87,303920
2017-07-10,BKR,37.63,38.16,36.81,37.25,389988
2017-07-11,BKR,37.38,37.77,36.93,37.34,252837
2017-07-12,BKR,37.77,37.99,37.25,37.36,264665
2017-07-13,BKR,37.39,37.5,36.7,36.84,354015
2017-07-14,BKR,37.0,37.49,36.94,37.33,268924
2017-07-17,BKR,37.71,38.37,37.64,37.65,266797
2017-07-18,BKR,37.52,37.77,36.73,36.73,162043
2017-07-19,BKR,36.59,37.09,36.38,36.56,408092
2017-07-20,BKR,36.6,36.85,34.86,34.97,595625
2017-07-21,BKR,34.73,34.81,33.45,34.09,744833
2017-07-24,BKR,34.28,34.39,33.88,34.39,169076
2017-07-25,BKR,34.87,35.27,34.78,35.26,265700
2017-07-26,BKR,35.45,36.18,35.24,36.05,343923
2017-07-27,BKR,35.94,37.03,35.71,36.12,636491
2017-07-28,BKR,34.85,37.5,34.39,37.12,418292
2017-07-31,BKR,37.14,37.16,36.46,36.93,236657
2017-08-01,BKR,36.79,36.8,35.42,35.7,369474
2017-08-02,BKR,35.4,35.55,35.04,35.35,460611
2017-08-03,BKR,35.26,35.49,35.08,35.3,261409
2017-08-04,BKR,35.56,35.56,35.06,35.22,241063
2017-08-07,BKR,35.22,35.22,34.4,34.56,122486
2017-08-08,BKR,34.69,35.46,34.69,34.95,258717
2017-08-09,BKR,35.02,35.29,34.78,35.03,228627
2017-08-10,BKR,35.21,35.27,34.57,34.7,239311
2017-08-11,BKR,34.51,34.87,34.28,34.29,107511
2017-08-14,BKR,34.44,34.51,34.14,34.27,155741
2017-08-15,BKR,34.24,34.41,34.04,34.31,205333
2017-08-16,BKR,34.38,34.49,33.77,33.84,153782
2017-08-17,BKR,33.77,34.04,32.75,32.84,303788
2017-08-18,BKR,32.79,33.11,32.44,32.77,326456
2017-08-21,BKR,32.83,32.98,32.47,32.53,193946
2017-08-22,BKR,32.67,32.94,32.5,32.69,209312
2017-08-23,BKR,32.6,33.24,32.57,33.04,239127
2017-08-24,BKR,33.06,33.06,32.54,32.82,166192
2017-08-25,BKR,32.91,33.41,32.88,33.26,169557
2017-08-28,BKR,33.37,33.37,32.82,33.25,181225
2017-08-29,BKR,33.1,33.81,33.1,33.75,2252996
2017-08-30,BKR,33.62,33.72,33.26,33.52,199634
2017-08-31,BKR,33.76,34.34,33.54,33.89,385889
2017-09-01,BKR,33.9,34.44,33.73,34.31,228051
2017-09-05,BKR,34.87,35.45,34.49,34.97,734569
2017-09-06,BKR,35.42,35.74,34.72,34.75,566312
2017-09-07,BKR,34.8,35.13,34.32,34.75,435796
2017-09-08,BKR,34.6,34.97,34.07,34.42,410136
2017-09-11,BKR,34.42,35.59,34.37,35.48,252199
2017-09-12,BKR,35.25,36.38,35.24,35.97,607637
2017-09-13,BKR,35.94,36.73,35.9,36.09,4303419
2017-09-14,BKR,36.35,37.13,36.21,36.41,511027
2017-09-15,BKR,36.37,36.91,36.37,36.9,383752
2017-09-18,BKR,36.9,37.48,36.84,37.35,248155
2017-09-19,BKR,37.3,37.45,37.07,37.36,250948
2017-09-20,BKR,37.51,37.66,37.25,37.49,284961
2017-09-21,BKR,37.17,37.18,36.37,36.58,315189
2017-09-22,BKR,36.56,36.69,36.29,36.66,393065
2017-09-25,BKR,36.85,38.1,36.64,37.46,545141
2017-09-26,BKR,37.32,37.32,36.67,37.02,255647
2017-09-27,BKR,37.08,37.2,36.69,36.91,318710
2017-09-28,BKR,37.12,37.24,36.56,37.03,2129601
2017-09-29,BKR,36.8,37.05,36.32,36.62,3251225
2017-10-02,BKR,35.96,36.9,35.92,36.86,231268
2017-10-03,BKR,36.84,37.1,36.39,36.67,2466311
2017-10-04,BKR,36.77,37.08,36.54,36.7,242271
2017-10-05,BKR,36.73,36.86,36.46,36.47,193051
2017-10-06,BKR,36.2,36.7,36.04,36.51,208020
2017-10-09,BKR,36.6,36.66,35.81,35.83,158655
2017-10-10,BKR,36.09,36.19,34.93,34.94,392508
2017-10-11,BKR,34.8,34.87,34.24,34.39,436597
2017-10-12,BKR,34.1,34.19,33.79,33.92,337374
2017-10-13,BKR,34.26,34.59,33.71,33.74,359989
2017-10-16,BKR,33.97,34.22,33.65,33.7,236233
2017-10-17,BKR,33.7,34.03,33.31,33.85,383885
2017-10-18,BKR,33.89,34.26,33.78,33.79,316159
2017-10-19,BKR,33.63,33.88,33.06,33.16,504482
2017-10-20,BKR,32.05,33.43,31.51,33.26,742271
2017-10-23,BKR,33.22,33.23,31.4,31.46,772135
2017-10-24,BKR,31.56,31.66,30.63,30.69,4213779
2017-10-25,BKR,30.69,30.84,30.0,30.07,444504
2017-10-26,BKR,30.24,30.32,29.75,29.93,298741
2017-10-27,BKR,29.79,31.31,29.65,31.31,435172
2017-10-30,BKR,31.18,31.77,31.09,31.5,4545954
2017-10-31,BKR,31.3,31.53,31.07,31.42,499612
2017-11-01,BKR,31.82,32.33,31.56,31.85,487862
2017-11-02,BKR,31.74,32.17,31.1,31.29,501126
2017-11-03,BKR,30.95,31.46,30.89,31.17,524207
2017-11-06,BKR,32.13,33.98,31.9,33.94,859463
2017-11-07,BKR,34.03,34.06,33.31,33.4,616189
2017-11-08,BKR,33.28,33.72,32.79,32.85,403376
2017-11-09,BKR,32.88,32.95,32.2,32.75,324576
2017-11-10,BKR,32.63,33.12,32.41,32.97,312583
2017-11-13,BKR,32.74,32.74,31.85,31.91,334029
2017-11-14,BKR,31.68,31.68,29.96,30.52,538758
2017-11-15,BKR,29.85,30.82,29.63,30.6,331199
2017-11-16,BKR,30.64,31.15,30.11,30.16,377450
2017-11-17,BKR,30.2,31.02,30.2,30.91,344582
2017-11-20,BKR,30.81,30.83,30.32,30.43,326436
2017-11-21,BKR,30.58,30.99,30.58,30.67,315971
2017-11-22,BKR,30.72,31.12,30.6,30.71,237907
2017-11-24,BKR,30.9,31.11,30.6,30.79,167050
2017-11-27,BKR,30.65,30.79,30.18,30.32,222461
2017-11-28,BKR,30.2,30.37,29.99,30.08,4314469
2017-11-29,BKR,30.03,30.3,29.9,29.98,4887853
2017-11-30,BKR,29.99,30.63,29.7,29.72,696976
2017-12-01,BKR,30.04,30.83,29.84,30.7,929162
2017-12-04,BKR,30.7,32.59,30.64,31.71,971010
2017-12-05,BKR,31.75,31.97,30.76,30.79,497582
2017-12-06,BKR,30.64,31.17,30.3,30.51,427443
2017-12-07,BKR,30.62,31.09,30.3,30.38,480012
2017-12-08,BKR,30.64,30.75,30.08,30.27,414378
2017-12-11,BKR,30.25,30.68,30.25,30.59,689600
2017-12-12,BKR,30.68,31.66,30.59,30.95,5889758
2017-12-13,BKR,30.89,31.02,30.09,30.32,565342
2017-12-14,BKR,30.13,30.84,30.02,30.58,448172
2017-12-15,BKR,30.84,30.84,30.11,30.25,432657
2017-12-18,BKR,30.43,31.22,30.41,31.02,483668
2017-12-19,BKR,31.17,32.08,30.87,31.81,424319
2017-12-20,BKR,31.9,32.87,31.82,32.74,503198
2017-12-21,BKR,32.74,33.11,32.29,32.29,736020
2017-12-22,BKR,,,,32.23,382888
2017-12-26,BKR,32.38,32.47,31.91,32.06,258827
2017-12-27,BKR,32.08,32.33,31.88,32.03,296579
2017-12-28,BKR,31.96,32.12,31.27,31.41,329812
2017-12-29,BKR,31.61,31.79,31.07,31.67,454950
2018-01-02,BKR,31.71,32.24,31.61,32.23,3653271
2018-01-03,BKR,32.48,33.65,32.41,33.53,515240
2018-01-04,BKR,33.82,34.67,33.3,34.63,624596
2018-01-05,BKR,34.7,34.7,33.69,34.44,4034566
2018-01-08,BKR,34.41,34.58,33.65,34.51,393948
2018-01-09,BKR,34.56,35.05,34.09,35.02,314101
2018-01-10,BKR,34.97,35.65,34.87,35.47,370893
2018-01-11,BKR,35.51,36.62,35.11,36.5,727944
2018-01-12,BKR,36.47,37.22,36.29,37.19,446051
2018-01-16,BKR,37.08,37.1,36.07,36.28,412079
2018-01-17,BKR,36.36,36.6,35.94,36.29,387196
2018-01-18,BKR,36.1,36.1,34.65,34.74,687704
2018-01-19,BKR,34.37,34.94,34.2001,34.74,5061821
2018-01-22,BKR,35.0,35.755,34.36,35.55,6013088
2018-01-23,BKR,35.56,36.04,34.995,35.82,6187327
2018-01-24,BKR,35.99,36.15,33.16,33.7,1066505
2018-01-25,BKR,33.83,33.88,32.3,32.3,643555
2018-01-26,BKR,32.32,33.01,32.11,32.73,433753
2018-01-29,BKR,32.5,32.68,31.32,31.4,542040
2018-01-30,BKR,31.06,31.89,30.72,31.86,773779
2018-01-31,BKR,31.9,32.8,31.66,32.15,762968
2018-02-01,BKR,32.5,33.07,32.06,32.45,734523
2018-02-02,BKR,31.8,31.98,30.9,31.05,6506376
2018-02-05,BKR,30.78,31.23,29.21,29.38,616594
2018-02-06,BKR,28.85,29.57,28.04,29.2,1030932
2018-02-07,BKR,29.4,29.8,28.65,28.82,550903
2018-02-08,BKR,28.94,29.06,27.45,27.5,7637940
2018-02-09,BKR,27.74,27.74,25.69,26.49,895017
2018-02-12,BKR,26.89,27.11,26.01,26.81,1216344
2018-02-13,BKR,26.69,26.74,25.91,25.95,498312
2018-02-14,BKR,25.66,26.62,25.63,26.41,781040
2018-02-15,BKR,26.4,26.76,25.54,26.15,536347
2018-02-16,BKR,26.12,27.01,26.0,26.52,467705
2018-02-20,BKR,26.53,26.98,26.28,26.44,359546
2018-02-21,BKR,26.26,28.21,25.87,26.75,1675883
2018-02-22,BKR,27.08,28.57,27.08,28.04,9084326
2018-02-23,BKR,28.1,28.44,27.68,28.03,615707
2018-02-26,BKR,28.09,28.09,27.26,27.62,349361
2018-02-27,BKR,27.66,27.98,26.99,26.99,435848
2018-02-28,BKR,27.19,27.22,26.3,26.4,524171
2018-03-01,BKR,26.41,27.48,26.41,27.11,715684
2018-03-02,BKR,26.93,27.56,26.33,27.45,513100
2018-03-05,BKR,27.28,28.17,27.13,28.03,586376
2018-03-06,BKR,28.18,28.63,28.06,28.56,537155
2018-03-07,BKR,28.25,28.99,28.25,28.92,1045908
2018-03-08,BKR,29.11,29.8,28.84,29.31,1082423
2018-03-09,BKR,29.55,30.31,29.55,30.23,885459
2018-03-12,BKR,30.39,30.93,30.31,30.79,597992
2018-03-13,BKR,30.87,31.16,29.9,30.35,4864490
2018-03-14,BKR,30.38,30.91,30.38,30.61,546395
2018-03-15,BKR,30.73,30.73,29.36,29.89,636520
2018-03-16,BKR,29.92,31.05,29.92,30.92,747506
2018-03-19,BKR,30.75,30.82,30.17,30.58,643957
2018-03-20,BKR,30.66,30.84,29.84,29.85,663094
2018-03-21,BKR,29.91,31.17,29.82,30.95,748472
2018-03-22,BKR,30.61,30.68,29.76,29.78,579216
2018-03-23,BKR,30.01,30.07,29.06,29.2,695068
2018-03-26,BKR,29.63,30.06,28.64,29.94,596486
2018-03-27,BKR,29.78,30.36,29.02,29.2,606130
2018-03-28,BKR,29.22,29.48,28.02,28.07,693592
2018-03-29,BKR,28.08,28.16,27.66,27.78,770730
2018-04-02,BKR,28.1,28.1,27.18,27.77,636470
2018-04-03,BKR,28.24,28.98,27.25,28.93,597948
2018-04-04,BKR,28.37,30.04,28.08,29.97,1055808
2018-04-05,BKR,30.0,30.59,29.47,29.71,944595
2018-04-06,BKR,29.44,29.81,29.25,29.59,420064
2018-04-09,BKR,29.75,29.87,29.26,29.4,456572
2018-04-10,BKR,29.81,31.22,29.81,30.89,4223146
2018-04-11,BKR,30.82,31.77,30.79,31.21,449275
2018-04-12,BKR,31.39,32.24,31.11,32.13,4044515
2018-04-13,BKR,32.24,32.86,31.88,32.56,387021
2018-04-16,BKR,32.59,32.92,31.98,32.83,402055
2018-04-17,BKR,32.95,33.26,32.77,32.83,401570
2018-04-18,BKR,33.02,34.26,32.94,33.75,424997
2018-04-19,BKR,33.75,34.34,33.1,33.7,662837
2018-04-20,BKR,33.73,35.65,33.16,34.0,792952
2018-04-23,BKR,34.05,35.15,33.81,34.95,583673
2018-04-24,BKR,35.04,35.44,34.1,34.63,637322
2018-04-25,BKR,34.5,35.64,34.4,35.11,618574
2018-04-26,BKR,35.1,36.08,35.0,35.99,504088
2018-04-27,BKR,35.65,36.49,35.65,36.01,622083
2018-04-30,BKR,35.78,36.48,35.77,36.12,500976
2018-05-01,BKR,35.81,36.13,35.37,35.64,4064972
2018-05-02,BKR,35.5,36.11,35.49,35.62,629964
2018-05-03,BKR,35.49,35.67,35.2,35.6,505593
2018-05-04,BKR,35.35,36.18,35.34,36.0,424205
2018-05-07,BKR,36.2,36.84,35.58,35.63,709128
2018-05-08,BKR,35.73,36.16,35.13,36.03,545776
2018-05-09,BKR,36.46,37.75,36.3,36.36,816705
2018-05-10,BKR,35.93,36.31,35.455,36.18,3814749
2018-05-11,BKR,36.22,36.25,35.7,35.76,457094
2018-05-14,BKR,35.76,36.39,35.64,35.68,236374
2018-05-15,BKR,35.67,36.12,35.52,36.06,301397
2018-05-16,BKR,36.2,36.96,36.0,36.85,422935
2018-05-17,BKR,36.99,37.4,36.57,36.64,578015
2018-05-18,BKR,36.71,36.79,35.85,35.88,494473
2018-05-21,BKR,35.99,36.4,35.86,36.28,338929
2018-05-22,BKR,36.48,37.06,36.07,36.4,770766
2018-05-23,BKR,35.97,36.52,35.66,36.03,548938
2018-05-24,BKR,35.53,36.345,35.02,35.67,3014727
2018-05-25,BKR,34.7,34.87,33.82,34.7,3602496
2018-05-29,BKR,34.34,35.0,34.0,34.88,519480
2018-05-30,BKR,35.26,36.41,35.0,35.7,344733
2018-05-31,BKR,35.37,35.55,34.58,34.59,506736
2018-06-01,BKR,34.98,35.43,34.42,34.91,517344
2018-06-04,BKR,34.38,34.41,32.26,32.67,889371
2018-06-05,BKR,32.57,33.72,32.44,33.6,826649
2018-06-06,BKR,33.76,34.99,33.71,34.63,1017018
2018-06-07,BKR,34.75,35.68,34.55,34.68,830063
2018-06-08,BKR,34.65,34.75,33.89,34.7,599349
2018-06-11,BKR,34.6,34.7,34.11,34.14,632912
2018-06-12,BKR,34.3,34.79,34.15,34.55,597512
2018-06-13,BKR,34.31,34.43,33.8,34.06,599263
2018-06-14,BKR,34.29,34.42,33.58,33.68,4253628
2018-06-15,BKR,33.43,33.43,32.53,32.57,531873
2018-06-18,BKR,32.54,32.92,32.34,32.55,563173
2018-06-19,BKR,32.3,33.2,32.06,32.75,737830
2018-06-20,BKR,32.97,33.16,32.15,33.08,506078
2018-06-21,BKR,32.8,32.95,32.25,32.31,529614
2018-06-22,BKR,33.3,33.6,32.59,32.7,924692
2018-06-25,BKR,32.83,32.9,32.14,32.44,553411
2018-06-26,BKR,32.51,33.45,32.37,33.14,604073
2018-06-27,BKR,33.59,34.64,33.53,33.6,560200
2018-06-28,BKR,33.41,33.66,32.77,32.95,451486
2018-06-29,BKR,32.98,33.43,32.98,33.04,401625
2018-07-02,BKR,32.72,33.11,32.22,32.94,366517
2018-07-03,BKR,33.63,33.84,33.2,33.29,334422
2018-07-05,BKR,33.29,33.52,33.18,33.27,345970
2018-07-06,BKR,33.17,33.92,32.97,33.67,484515
2018-07-09,BKR,33.81,34.75,33.81,34.43,484692
2018-07-10,BKR,34.58,34.8,33.9,34.28,469495
2018-07-11,BKR,33.86,34.06,32.69,32.92,433448
2018-07-12,BKR,33.16,33.16,32.47,32.77,555441
2018-07-13,BKR,32.73,33.09,32.42,32.63,407434
2018-07-16,BKR,32.29,32.49,32.09,32.31,205591
2018-07-17,BKR,32.12,32.79,32.0,32.65,403868
2018-07-18,BKR,32.16,32.61,31.81,32.54,664727
2018-07-19,BKR,32.25,32.52,31.73,31.75,548780
2018-07-20,BKR,31.3,32.68,30.83,32.0,1204764
2018-07-23,BKR,31.85,32.76,31.34,32.5,5229772
2018-07-24,BKR,32.99,33.42,32.83,32.96,668497
2018-07-25,BKR,33.1,33.46,32.575,33.27,4975683
2018-07-26,BKR,33.27,34.02,33.01,34.02,471354
2018-07-27,BKR,33.83,35.03,33.83,34.73,799264
2018-07-30,BKR,35.28,35.37,34.64,34.69,481232
2018-07-31,BKR,34.6,34.68,34.29,34.58,641616
2018-08-01,BKR,34.1,34.33,33.74,34.27,331189
2018-08-02,BKR,33.82,34.17,33.63,33.93,282402
2018-08-03,BKR,33.88,34.16,33.34,33.88,251883
2018-08-06,BKR,33.94,34.93,33.85,34.91,488773
2018-08-07,BKR,35.23,35.54,35.04,35.18,390936
2018-08-08,BKR,35.01,35.16,34.79,35.04,313642
2018-08-09,BKR,35.05,35.09,34.39,34.67,390870
2018-08-10,BKR,34.63,35.03,34.4,34.76,355592
2018-08-13,BKR,34.59,34.62,33.85,34.12,535778
2018-08-14,BKR,34.22,34.52,33.635,33.93,4357265
2018-08-15,BKR,33.45,33.57,31.8,31.81,568862
2018-08-16,BKR,32.07,32.18,31.41,31.58,497919
2018-08-17,BKR,31.62,31.65,30.81,31.02,720716
2018-08-20,BKR,31.4,32.08,31.34,32.01,537518
2018-08-21,BKR,32.57,32.57,32.25,32.28,477753
2018-08-22,BKR,32.61,32.68,32.19,32.51,304958
2018-08-23,BKR,32.42,32.43,32.06,32.32,406046
2018-08-24,BKR,32.68,32.91,32.44,32.79,386937
2018-08-27,BKR,32.89,33.74,32.89,33.27,327865
2018-08-28,BKR,33.32,33.97,33.24,33.4,426548
2018-08-29,BKR,33.48,34.17,33.39,34.01,380177
2018-08-30,BKR,33.94,34.15,33.8,33.98,361317
2018-08-31,BKR,33.88,33.88,32.73,32.97,456871
2018-09-04,BKR,32.96,33.21,32.23,32.38,293744
2018-09-05,BKR,32.04,32.04,31.36,31.67,367355
2018-09-06,BKR,31.92,31.92,30.69,31.0,429338
2018-09-07,BKR,30.64,31.59,30.5,31.4,591901
2018-09-10,BKR,31.58,32.28,31.58,31.92,298344
2018-09-11,BKR,31.9,32.77,31.79,32.58,407125
2018-09-12,BKR,32.97,33.21,32.36,32.4,562320
2018-09-13,BKR,32.25,32.29,31.71,32.27,384970
2018-09-14,BKR,32.1,32.33,31.34,31.55,636128
2018-09-17,BKR,31.53,32.03,31.4,31.61,296330
2018-09-18,BKR,32.0,32.28,31.77,32.25,413164
2018-09-19,BKR,32.36,33.09,32.32,32.87,463670
2018-09-20,BKR,33.25,33.52,32.37,32.47,282007
2018-09-21,BKR,32.5,32.91,32.23,32.89,276741
2018-09-24,BKR,33.27,33.5,32.52,32.84,504174
2018-09-25,BKR,33.15,33.8,33.12,33.47,2961933
2018-09-26,BKR,33.23,33.94,33.055,33.82,3592419
2018-09-27,BKR,33.81,34.36,33.22,33.82,639466
2018-09-28,BKR,33.74,34.48,33.7,33.83,518895
2018-10-01,BKR,33.92,34.05,32.95,32.97,626761
2018-10-02,BKR,33.07,33.49,31.87,32.24,670169
2018-10-03,BKR,32.15,32.18,31.32,32.04,884324
2018-10-04,BKR,32.08,32.78,31.96,32.35,417347
2018-10-05,BKR,32.16,32.44,31.53,31.91,348747
2018-10-08,BKR,31.46,31.97,31.17,31.89,366423
2018-10-09,BKR,32.57,32.99,31.76,32.63,480469
2018-10-10,BKR,32.48,32.64,31.67,31.91,539241
2018-10-11,BKR,31.59,31.86,30.59,30.66,716394
2018-10-12,BKR,31.19,31.25,30.46,30.85,517818
2018-10-15,BKR,30.98,31.16,30.68,30.69,2407805
2018-10-16,BKR,30.69,31.0,30.55,30.84,436879
2018-10-17,BKR,30.62,31.01,30.44,30.76,367700
2018-10-18,BKR,30.64,31.24,30.31,30.46,622577
2018-10-19,BKR,30.53,31.21,29.92,29.93,430591
2018-10-22,BKR,29.92,29.97,29.23,29.97,656634
2018-10-23,BKR,29.16,29.22,28.64,28.88,779256
2018-10-24,BKR,29.01,29.16,27.37,27.38,740461
2018-10-25,BKR,27.93,28.12,27.48,27.54,472240
2018-10-26,BKR,27.13,27.94,26.68,27.35,679504
2018-10-29,BKR,27.5,27.77,26.1,26.59,4944051
2018-10-30,BKR,26.79,27.34,25.56,27.26,1231533
2018-10-31,BKR,27.38,27.7,26.63,26.68,994956
2018-11-01,BKR,26.89,27.12,25.56,25.9,674461
2018-11-02,BKR,26.16,26.47,25.56,26.06,781559
2018-11-05,BKR,26.52,26.96,26.05,26.85,634987
2018-11-06,BKR,26.89,27.3,26.61,27.17,645270
2018-11-07,BKR,27.56,27.78,26.56,27.04,529634
2018-11-08,BKR,26.96,27.31,26.56,26.75,693810
2018-11-09,BKR,26.26,26.91,25.42,25.51,1231038
2018-11-12,BKR,25.61,25.61,23.45,23.63,1138285
2018-11-13,BKR,23.8,24.45,23.45,23.81,2613566
2018-11-14,BKR,23.28,23.75,22.55,23.15,11004636
2018-11-15,BKR,23.19,23.77,22.92,23.28,2451110
2018-11-16,BKR,23.49,23.8,23.25,23.38,1518410
2018-11-19,BKR,23.3,23.54,22.69,22.99,1342402
2018-11-20,BKR,22.46,22.71,21.91,22.41,1486403
2018-11-21,BKR,22.73,22.97,22.42,22.51,754369
2018-11-23,BKR,21.94,22.46,21.67,22.43,455326
2018-11-26,BKR,22.7,22.94,22.34,22.66,6159320
2018-11-27,BKR,22.64,22.71,22.2,22.38,9160281
2018-11-28,BKR,22.41,22.98,22.13,22.95,647803
2018-11-29,BKR,23.0,23.41,22.8,23.11,6214876
2018-11-30,BKR,22.87,23.07,22.41,22.82,1401771
2018-12-03,BKR,23.34,23.55,22.71,23.25,845961
2018-12-04,BKR,23.26,23.43,22.07,22.14,930858
2018-12-06,BKR,21.63,21.69,21.06,21.46,1012324
2018-12-07,BKR,21.97,22.29,21.53,21.65,915951
2018-12-10,BKR,21.34,21.56,20.86,21.28,710939
2018-12-11,BKR,21.68,21.71,20.81,21.3,898980
2018-12-12,BKR,21.61,22.06,21.57,21.58,523583
2018-12-13,BKR,21.46,22.16,21.27,22.03,932731
2018-12-14,BKR,21.81,22.07,21.29,21.45,970569
2018-12-17,BKR,21.5,22.08,21.31,21.62,894042
2018-12-18,BKR,21.65,21.78,21.06,21.22,633218
2018-12-19,BKR,21.5,22.18,20.83,21.04,1403899
2018-12-20,BKR,20.88,21.39,20.7,20.82,1017481
2018-12-21,BKR,20.7,21.31,20.65,20.88,918758
2018-12-24,BKR,20.84,21.24,20.47,20.49,326140
2018-12-26,BKR,20.6,21.51,20.09,21.5,664991
2018-12-27,BKR,21.05,21.49,20.41,21.48,867380
2018-12-28,BKR,21.55,22.11,21.15,21.45,828033
2018-12-31,BKR,21.55,21.55,21.01,21.49,508375
2019-01-02,BKR,21.19,21.62,20.84,21.04,1390674
2019-01-03,BKR,21.09,21.34,20.54,20.9,1009357
2019-01-04,BKR,21.4,22.12,21.27,21.95,906042
2019-01-07,BKR,21.88,22.75,21.84,22.56,647151
2019-01-08,BKR,22.85,23.27,22.64,23.21,798434
2019-01-09,BKR,23.5,23.77,23.17,23.17,768112
2019-01-10,BKR,22.99,23.77,22.93,23.35,896322
2019-01-11,BKR,23.06,23.25,22.7,23.09,579141
2019-01-14,BKR,22.91,23.36,22.69,23.24,583448
2019-01-15,BKR,23.36,23.64,22.96,23.01,535193
2019-01-16,BKR,22.93,23.28,22.78,23.15,4029183
2019-01-17,BKR,22.82,23.71,22.8,23.66,652682
2019-01-18,BKR,23.98,24.35,23.74,24.19,563999
2019-01-22,BKR,23.85,24.02,23.49,23.78,853079
2019-01-23,BKR,23.9,23.9,22.94,22.99,852014
2019-01-24,BKR,22.89,23.35,22.79,23.04,812309
2019-01-25,BKR,23.31,23.66,22.98,23.49,6687158
2019-01-28,BKR,23.18,23.18,22.62,22.98,723249
2019-01-29,BKR,23.17,23.35,23.02,23.18,508099
2019-01-30,BKR,23.3,24.16,23.19,23.95,951346
2019-01-31,BKR,24.07,24.96,23.45,23.55,1066137
2019-02-01,BKR,23.46,24.59,23.42,24.35,918003
2019-02-04,BKR,24.25,25.01,23.96,24.58,958426
2019-02-05,BKR,24.7,25.19,24.67,25.02,893225
2019-02-06,BKR,25.0,25.36,24.86,24.87,645104
2019-02-07,BKR,24.63,25.04,23.86,24.39,915094
2019-02-08,BKR,24.39,24.68,24.18,24.6,699505
2019-02-11,BKR,24.48,24.93,24.37,24.81,535860
2019-02-12,BKR,25.17,25.29,24.59,24.74,959785
2019-02-13,BKR,24.83,25.56,24.73,25.13,668475
2019-02-14,BKR,25.06,25.75,24.98,25.63,568057
2019-02-15,BKR,25.89,26.03,25.68,25.81,459000
2019-02-19,BKR,25.73,26.14,25.56,26.09,408384
2019-02-20,BKR,26.15,26.98,26.14,26.59,572536
2019-02-21,BKR,26.57,26.58,26.12,26.28,644577
2019-02-22,BKR,26.47,26.48,26.21,26.36,529858
2019-02-25,BKR,26.18,26.91,26.18,26.75,386345
2019-02-26,BKR,26.86,27.09,26.44,26.74,639533
2019-02-27,BKR,26.81,26.89,26.54,26.66,324889
2019-02-28,BKR,26.76,26.8,26.16,26.38,4311573
2019-03-01,BKR,26.65,27.12,26.57,27.12,557161
2019-03-04,BKR,27.21,27.5,26.73,27.08,663563
2019-03-05,BKR,27.15,27.15,26.76,27.1,671622
2019-03-06,BKR,26.9,26.9,26.18,26.31,797962
2019-03-07,BKR,26.94,26.94,25.76,26.04,545675
2019-03-08,BKR,25.48,25.78,25.23,25.73,459707
2019-03-11,BKR,26.08,26.77,26.05,26.5,626703
2019-03-12,BKR,26.76,26.9,26.57,26.84,464494
2019-03-13,BKR,27.08,27.36,26.98,27.26,398359
2019-03-14,BKR,27.27,27.78,27.25,27.71,480248
2019-03-15,BKR,27.555,28.03,27.555,27.85,9978705
2019-03-18,BKR,28.05,28.41,28.05,28.18,590450
2019-03-19,BKR,28.46,28.61,27.66,27.82,4848429
2019-03-20,BKR,27.8,28.48,27.63,28.27,848473
2019-03-21,BKR,28.25,28.64,27.96,28.49,555575
2019-03-22,BKR,28.19,28.32,27.16,27.16,697764
2019-03-25,BKR,27.05,27.46,26.89,27.42,505700
2019-03-26,BKR,27.84,28.08,27.34,27.69,447312
2019-03-27,BKR,27.82,27.87,27.12,27.28,357733
2019-03-28,BKR,27.16,27.4,26.88,27.16,449829
2019-03-29,BKR,27.5,27.81,27.32,27.72,1152682
2019-04-01,BKR,27.98,28.14,27.64,27.84,824898
2019-04-02,BKR,27.91,27.91,26.85,26.98,914973
2019-04-03,BKR,27.22,27.44,26.25,26.47,853551
2019-04-04,BKR,26.56,26.78,26.18,26.77,4255883
2019-04-05,BKR,27.0,27.14,26.65,26.77,508533
2019-04-08,BKR,26.84,27.26,26.49,26.81,627465
2019-04-09,BKR,26.67,26.83,26.38,26.67,580342
2019-04-10,BKR,26.8,26.97,26.69,26.87,401485
2019-04-11,BKR,26.75,26.98,26.39,26.67,318359
2019-04-12,BKR,27.07,27.13,26.34,26.39,376706
2019-04-15,BKR,26.28,26.43,25.93,26.03,365297
2019-04-16,BKR,26.12,26.14,25.62,25.85,739555
2019-04-17,BKR,25.98,26.25,25.57,25.78,510774
2019-04-18,BKR,25.91,26.04,25.45,25.61,341222
2019-04-22,BKR,25.92,26.67,25.66,26.63,505793
2019-04-23,BKR,26.6,26.93,25.805,25.97,7332265
2019-04-24,BKR,26.11,26.23,25.58,25.58,479802
2019-04-25,BKR,25.56,25.91,25.44,25.56,806769
2019-04-26,BKR,25.32,25.77,25.15,25.56,401835
2019-04-29,BKR,25.49,26.04,25.49,25.97,546002
2019-04-30,BKR,25.64,25.64,23.76,24.0,1629642
2019-05-01,BKR,23.94,24.34,23.43,23.55,1474086
2019-05-02,BKR,23.36,23.82,23.2,23.52,726124
2019-05-03,BKR,23.8,24.27,23.76,24.13,712273
2019-05-06,BKR,23.75,24.23,23.72,23.93,489345
2019-05-07,BKR,23.56,23.56,23.01,23.19,441283
2019-05-08,BKR,23.26,23.4,22.88,22.94,585654
2019-05-09,BKR,22.72,22.77,22.17,22.64,819785
2019-05-10,BKR,22.5,22.57,22.04,22.31,783202
2019-05-13,BKR,22.09,22.09,21.31,21.74,714387
2019-05-14,BKR,21.97,22.45,21.97,22.28,898566
2019-05-15,BKR,22.05,22.82,21.92,22.76,448843
2019-05-16,BKR,22.9,23.0,22.61,22.98,500061
2019-05-17,BKR,22.77,23.27,22.73,22.92,661029
2019-05-20,BKR,22.74,23.36,22.63,23.29,842361
2019-05-21,BKR,23.29,23.82,23.28,23.61,694250
2019-05-22,BKR,23.4,23.54,23.23,23.37,995350
2019-05-23,BKR,22.86,23.08,22.44,23.06,1013585
2019-05-24,BKR,23.29,23.29,22.14,22.21,857259
2019-05-28,BKR,22.3,22.37,21.89,22.18,512512
2019-05-29,BKR,21.84,21.84,21.35,21.7,846933
2019-05-30,BKR,21.65,21.77,21.0,21.15,507164
2019-05-31,BKR,20.86,21.46,20.6,21.41,875526
2019-06-03,BKR,21.48,22.14,21.48,21.85,1004146
2019-06-04,BKR,22.13,22.28,21.51,22.04,1145501
2019-06-05,BKR,22.04,22.28,21.46,22.23,840333
2019-06-06,BKR,22.3,23.07,22.21,22.95,927939
2019-06-07,BKR,23.08,23.53,22.83,23.32,868364
2019-06-10,BKR,23.43,23.76,23.3,23.4,474729
2019-06-11,BKR,23.6,23.71,23.15,23.16,630641
2019-06-12,BKR,22.93,22.99,22.28,22.3,551886
2019-06-13,BKR,22.62,22.79,22.37,22.78,551223
2019-06-14,BKR,22.66,22.67,21.77,22.15,693110
2019-06-17,BKR,22.12,22.82,21.91,22.39,864131
2019-06-18,BKR,22.47,23.155,22.44,23.09,5238131
2019-06-19,BKR,23.16,23.36,22.95,23.33,585268
2019-06-20,BKR,23.68,24.44,23.68,24.36,719882
2019-06-21,BKR,24.43,25.2,24.43,25.19,833450
2019-06-24,BKR,25.19,25.32,24.63,24.72,604839
2019-06-25,BKR,24.63,24.8,24.37,24.62,566397
2019-06-26,BKR,24.87,25.32,24.63,24.73,507788
2019-06-27,BKR,24.76,25.01,24.56,24.69,551405
2019-06-28,BKR,24.78,25.07,24.43,24.62,972622
2019-07-01,BKR,24.99,25.5,24.93,25.18,762051
2019-07-02,BKR,25.16,25.36,24.23,24.5,1246410
2019-07-03,BKR,24.46,24.53,24.03,24.5,277091
2019-07-05,BKR,24.36,24.55,24.17,24.55,446198
2019-07-08,BKR,24.5,25.19,24.35,25.19,497150
2019-07-09,BKR,25.08,25.11,24.85,24.99,630095
2019-07-10,BKR,25.34,25.44,25.03,25.38,467132
2019-07-11,BKR,25.36,25.36,25.0,25.24,553987
2019-07-12,BKR,25.3,25.4,24.98,25.01,422017
2019-07-15,BKR,25.01,25.06,24.62,24.69,367927
2019-07-16,BKR,24.63,24.65,24.04,24.09,5331879
2019-07-17,BKR,24.1,24.27,23.19,23.19,8301958
2019-07-18,BKR,23.23,23.33,22.6,23.31,2046491
2019-07-19,BKR,23.24,23.77,23.03,23.55,1468487
2019-07-22,BKR,23.7,24.13,23.7,23.96,1150661
2019-07-23,BKR,24.0,24.51,23.94,24.3,1111650
2019-07-24,BKR,24.31,24.99,24.3,24.86,517641
2019-07-25,BKR,25.0,25.02,24.4,24.62,3395960
2019-07-26,BKR,24.49,24.91,24.49,24.83,549934
2019-07-29,BKR,24.63,24.63,23.87,24.09,522289
2019-07-30,BKR,23.92,24.57,23.65,24.52,1174881
2019-07-31,BKR,24.8,25.95,24.72,25.35,993089
2019-08-01,BKR,24.97,25.79,24.86,25.29,1343853
2019-08-02,BKR,25.34,25.34,23.93,24.11,919146
2019-08-05,BKR,23.59,23.95,23.4,23.81,4401181
2019-08-06,BKR,23.96,24.18,23.16,23.69,783391
2019-08-07,BKR,23.08,23.46,22.74,23.36,4421614
2019-08-08,BKR,23.39,24.15,23.08,24.14,684360
2019-08-09,BKR,23.98,24.11,23.39,23.67,607993
2019-08-12,BKR,23.39,23.73,23.24,23.43,663842
2019-08-13,BKR,23.39,23.97,23.24,23.56,694701
2019-08-14,BKR,22.93,22.96,21.75,22.02,1142353
2019-08-15,BKR,21.8,21.83,20.44,20.7,1232988
2019-08-16,BKR,20.87,21.29,20.62,21.07,990848
2019-08-19,BKR,21.5,21.68,21.24,21.42,590631
2019-08-20,BKR,21.3,21.3,20.74,21.12,685959
2019-08-21,BKR,21.29,21.4,21.1,21.24,2905976
2019-08-22,BKR,21.36,21.95,21.35,21.43,557288
2019-08-23,BKR,21.06,21.85,20.8,20.88,1001871
2019-08-26,BKR,21.28,21.48,20.95,21.3,706947
2019-08-27,BKR,21.5,21.82,21.25,21.29,499859
2019-08-28,BKR,21.35,21.98,21.18,21.63,732025
2019-08-29,BKR,21.86,22.27,21.755,21.88,3308547
2019-08-30,BKR,21.92,22.2,21.6,21.66,893247
2019-09-03,BKR,21.24,22.2,21.12,22.15,767790
2019-09-04,BKR,22.45,22.69,22.19,22.6,1078132
2019-09-05,BKR,22.97,24.03,22.96,23.52,903033
2019-09-06,BKR,23.38,23.645,23.155,23.53,3743978
2019-09-09,BKR,23.8,24.29,23.6,24.19,535560
2019-09-10,BKR,24.69,24.73,24.02,24.09,726300
2019-09-11,BKR,23.25,23.7,22.22,22.29,12446501
2019-09-12,BKR,21.65,22.88,21.36,22.63,10874927
2019-09-13,BKR,22.92,23.0,22.2,22.72,2119126
2019-09-16,BKR,23.56,23.89,22.65,23.8,3412457
2019-09-17,BKR,23.39,23.69,22.86,23.37,1291051
2019-09-18,BKR,23.35,23.74,23.08,23.23,5778994
2019-09-19,BKR,23.44,23.52,23.1,23.2,634558
2019-09-20,BKR,23.33,23.59,22.92,23.59,1411013
2019-09-23,BKR,23.49,24.39,23.49,23.99,1736182
2019-09-24,BKR,23.69,24.11,23.24,23.65,8521793
2019-09-25,BKR,23.41,24.29,23.39,24.29,1278291
2019-09-26,BKR,24.07,24.11,23.4,23.94,1648377
2019-09-27,BKR,23.78,24.37,23.76,24.01,2326460
2019-09-30,BKR,23.9,23.99,23.04,23.21,1263415
2019-10-01,BKR,23.39,23.39,22.66,22.66,948356
2019-10-02,BKR,22.54,22.62,22.08,22.14,779186
2019-10-03,BKR,21.98,22.7,21.78,22.68,1060890
2019-10-04,BKR,22.69,22.8,22.29,22.47,4581755
2019-10-07,BKR,22.5,22.5,21.89,21.9,585693
2019-10-08,BKR,21.67,21.82,21.38,21.38,599179
2019-10-09,BKR,21.57,21.66,21.28,21.6,354130
2019-10-10,BKR,21.78,21.96,21.69,21.8,608198
2019-10-11,BKR,22.02,22.48,21.96,22.23,1105270
2019-10-14,BKR,21.88,22.38,21.8,22.32,683344
2019-10-15,BKR,22.32,22.69,22.2,22.3,4684908
2019-10-16,BKR,22.31,22.41,21.95,21.98,429495
2019-10-17,BKR,22.24,22.55,22.04,22.08,593090
2019-10-18,BKR,22.3,22.56,21.76,21.77,248608
2019-10-21,BKR,21.83,22.32,21.55,22.12,631505
2019-10-22,BKR,22.24,22.86,22.24,22.64,443935
2019-10-23,BKR,22.45,23.2,22.32,23.11,377788
2019-10-24,BKR,23.05,23.065,21.95,22.33,3845327
2019-10-25,BKR,22.28,22.61,22.24,22.38,376699
2019-10-28,BKR,22.58,22.69,21.83,21.98,348454
2019-10-29,BKR,21.72,22.48,21.6,21.9,711876
2019-10-30,BKR,22.53,23.12,21.54,21.62,6093911
2019-10-31,BKR,21.49,21.51,20.93,21.39,527463
2019-11-01,BKR,21.5,21.97,21.35,21.9,4457662
2019-11-04,BKR,22.11,22.55,21.98,22.34,459102
2019-11-05,BKR,22.24,22.79,22.1,22.63,4481247
2019-11-06,BKR,22.68,22.68,21.86,21.95,386171
2019-11-07,BKR,22.11,22.32,21.92,22.07,391684
2019-11-08,BKR,21.87,22.27,21.59,22.25,3007215
2019-11-11,BKR,21.9,22.31,21.52,22.2,298082
2019-11-12,BKR,22.34,22.45,21.91,22.08,279240
2019-11-13,BKR,21.95,22.0,21.57,21.64,203866
2019-11-14,BKR,21.56,22.01,21.56,21.88,278358
2019-11-15,BKR,22.12,22.84,22.12,22.68,424481
2019-11-18,BKR,22.54,22.54,21.82,22.17,349431
2019-11-19,BKR,22.12,22.33,21.83,22.01,374031
2019-11-20,BKR,22.18,22.79,22.06,22.41,380003
2019-11-21,BKR,22.54,22.68,22.3,22.6,353937
2019-11-22,BKR,22.59,23.05,22.39,22.42,3481081
2019-11-25,BKR,22.32,22.75,22.1,22.53,292745
2019-11-26,BKR,22.54,22.71,22.41,22.61,396636
2019-11-27,BKR,22.52,22.67,22.16,22.55,3115537
2019-11-29,BKR,22.38,22.66,22.24,22.43,271271
2019-12-02,BKR,22.35,22.54,21.88,22.15,367277
2019-12-03,BKR,21.69,21.92,21.31,21.32,477032
2019-12-04,BKR,21.66,22.17,21.46,22.17,412023
2019-12-05,BKR,22.32,22.44,22.06,22.14,2855644
2019-12-06,BKR,22.11,22.54,22.03,22.2,588774
2019-12-09,BKR,22.13,22.69,22.0546,22.25,5026294
2019-12-10,BKR,22.78,22.78,22.18,22.34,789836
2019-12-11,BKR,22.4,22.72,22.4,22.68,529936
2019-12-12,BKR,22.89,23.89,22.7,23.76,7256407
2019-12-13,BKR,23.9,24.04,23.6,23.65,629329
2019-12-16,BKR,23.85,24.24,23.75,23.94,659137
2019-12-17,BKR,24.0,24.38,23.88,24.37,532514
2019-12-18,BKR,24.33,24.89,24.31,24.73,446016
2019-12-19,BKR,24.66,25.05,24.66,24.96,453861
2019-12-20,BKR,25.07,25.28,24.88,25.09,10048096
2019-12-23,BKR,25.03,25.59,25.0,25.52,330072
2019-12-24,BKR,25.42,25.74,25.41,25.48,958438
2019-12-26,BKR,25.59,25.72,25.43,25.57,223588
2019-12-27,BKR,25.69,25.8,25.36,25.49,285229
2019-12-30,BKR,25.61,25.9,25.49,25.61,297483
2019-12-31,BKR,25.31,25.64,25.13,25.62,341200
2020-01-02,BKR,25.69,25.69,25.34,25.6,360827
2020-01-03,BKR,25.95,25.99,25.36,25.64,3125797
2020-01-06,BKR,25.74,25.77,25.46,25.52,477117
2020-01-07,BKR,25.26,25.46,24.31,25.09,5494039
2020-01-08,BKR,25.0,25.26,24.73,24.75,444324
2020-01-09,BKR,24.83,25.09,24.55,25.04,353644
2020-01-10,BKR,24.88,24.99,24.74,24.86,244370
2020-01-13,BKR,24.83,24.83,24.32,24.41,580185
2020-01-14,BKR,24.0,24.085,23.71,24.02,7147066
2020-01-15,BKR,23.88,23.94,23.21,23.31,498923
2020-01-16,BKR,23.48,23.71,23.35,23.5,563607
2020-01-17,BKR,23.47,23.83,23.44,23.63,482061
2020-01-21,BKR,23.44,23.5,22.68,22.72,711367
2020-01-22,BKR,22.88,23.29,21.84,22.67,702311
2020-01-23,BKR,22.44,23.14,22.32,22.97,590080
2020-01-24,BKR,22.91,23.05,22.56,22.87,484509
2020-01-27,BKR,21.57,22.46,21.57,22.05,592469
2020-01-28,BKR,22.14,22.34,21.87,21.89,521029
2020-01-29,BKR,22.17,22.19,21.39,21.48,775286
2020-01-30,BKR,21.23,22.36,21.23,22.34,957387
2020-01-31,BKR,21.73,21.8,21.38,21.66,605265
2020-02-03,BKR,21.59,21.84,21.43,21.5,548211
2020-02-04,BKR,21.82,22.0,21.2,21.3,590870
2020-02-05,BKR,21.69,21.97,21.57,21.84,515175
2020-02-06,BKR,21.91,22.32,21.85,22.23,532254
2020-02-07,BKR,21.95,22.55,21.89,22.45,470774
2020-02-10,BKR,22.26,22.355,22.03,22.15,3183971
2020-02-11,BKR,22.49,22.58,22.11,22.14,4126710
2020-02-12,BKR,22.48,22.59,21.91,22.14,484070
2020-02-13,BKR,22.12,22.2,21.98,22.09,353204
2020-02-14,BKR,22.05,22.17,21.78,21.98,271008
2020-02-18,BKR,21.56,21.64,20.815,20.91,6982744
2020-02-19,BKR,21.11,21.15,20.67,20.81,6735141
2020-02-20,BKR,20.68,20.95,20.5,20.66,430971
2020-02-21,BKR,20.46,20.57,20.07,20.53,5956173
2020-02-24,BKR,19.73,19.765,19.165,19.48,8661116
2020-02-25,BKR,19.69,19.7,18.56,18.62,8797807
2020-02-26,BKR,18.68,18.74,17.68,17.75,1450201
2020-02-27,BKR,17.28,17.59,16.68,16.68,1284604
2020-02-28,BKR,16.03,16.4,15.71,16.03,2402736
2020-03-02,BKR,16.35,17.19,15.9,17.18,1331917
2020-03-03,BKR,17.14,17.37,16.21,16.54,1284858
2020-03-04,BKR,16.76,17.3,16.62,17.27,812763
2020-03-05,BKR,16.67,17.0,16.54,16.96,1269480
2020-03-06,BKR,16.32,16.62,15.97,16.09,1576196
2020-03-09,BKR,13.35,14.5,12.24,12.49,2430621
2020-03-10,BKR,13.21,13.84,12.37,13.76,1085990
2020-03-11,BKR,13.1,13.3,12.29,12.73,1219536
2020-03-12,BKR,11.66,12.07,10.59,10.7,1056412
2020-03-13,BKR,11.83,12.73,10.9,12.73,1054398
2020-03-16,BKR,11.03,12.52,10.01,11.77,1583921
2020-03-17,BKR,11.94,12.03,10.72,11.27,1030057
2020-03-18,BKR,10.15,10.91,9.18,9.74,1326785
2020-03-19,BKR,9.7,10.88,9.19,10.15,882138
2020-03-20,BKR,10.19,10.615,9.6,10.0,12003131
2020-03-23,BKR,10.11,10.14,9.12,9.33,9820113
2020-03-24,BKR,9.67,11.35,9.67,11.25,9503329
2020-03-25,BKR,11.47,12.375,10.52,11.62,5693463
2020-03-26,BKR,11.78,12.63,11.53,12.37,820716
2020-03-27,BKR,11.78,12.18,11.55,11.88,6679060
2020-03-30,BKR,11.53,11.77,10.67,10.97,1378502
2020-03-31,BKR,11.21,11.31,10.31,10.49,808870
2020-04-01,BKR,10.09,10.1,9.44,9.8,9627870
2020-04-02,BKR,10.1,11.16,9.9,10.35,1026251
2020-04-03,BKR,10.7,10.85,10.26,10.4,1179715
2020-04-06,BKR,11.27,11.85,10.8,11.75,7939378
2020-04-07,BKR,12.5,13.28,12.24,12.39,1015791
2020-04-08,BKR,12.96,13.0,12.36,12.9,4949140
2020-04-09,BKR,13.72,14.14,12.13,12.86,1082766
2020-04-13,BKR,13.45,13.45,12.65,13.31,642836
2020-04-14,BKR,13.24,13.48,12.67,13.35,5122781
2020-04-15,BKR,12.41,12.97,12.3,12.92,783665
2020-04-16,BKR,12.9,12.94,12.38,12.59,788286
2020-04-17,BKR,12.49,13.05,12.49,13.03,788450
2020-04-20,BKR,12.08,13.56,12.01,12.98,5615582
2020-04-21,BKR,12.49,13.28,12.44,12.71,979566
2020-04-22,BKR,13.5,13.91,12.09,12.97,1906809
2020-04-23,BKR,13.16,13.9,12.95,13.57,9172605
2020-04-24,BKR,13.9,14.23,13.28,13.43,871821
2020-04-27,BKR,13.13,13.79,12.79,13.61,826951
2020-04-28,BKR,14.0,14.26,13.59,14.2,5881313
2020-04-29,BKR,14.79,14.89,14.31,14.84,724392
2020-04-30,BKR,14.78,14.79,13.79,13.96,1143663
2020-05-01,BKR,13.58,13.88,13.46,13.7,5571476
2020-05-04,BKR,13.32,14.05,13.3,13.96,732469
2020-05-05,BKR,14.5,14.63,13.51,13.59,729402
2020-05-06,BKR,13.55,13.74,12.92,12.93,5167514
2020-05-07,BKR,13.33,14.06,13.33,14.02,652673
2020-05-08,BKR,14.37,15.02,14.135,15.01,7746657
2020-05-11,BKR,14.82,14.89,14.38,14.63,461564
2020-05-12,BKR,14.79,15.03,14.35,14.56,788427
2020-05-13,BKR,14.42,14.42,13.55,13.61,750800
2020-05-14,BKR,13.37,14.32,13.11,13.99,648696
2020-05-15,BKR,13.92,14.49,13.71,13.76,5540361
2020-05-18,BKR,14.56,15.49,14.36,15.33,714479
2020-05-19,BKR,15.05,15.17,14.49,14.5,680403
2020-05-20,BKR,14.93,15.72,14.79,15.61,663153
2020-05-21,BKR,15.73,15.73,15.05,15.42,3607080
2020-05-22,BKR,15.06,15.19,14.76,15.11,426979
2020-05-26,BKR,15.65,16.17,15.6,16.01,4190426
2020-05-27,BKR,16.21,16.55,15.89,16.55,740078
2020-05-28,BKR,16.69,16.69,16.25,16.39,784903
2020-05-29,BKR,16.32,16.73,16.05,16.52,1102765
2020-06-01,BKR,16.59,16.73,16.23,16.32,832172
2020-06-02,BKR,16.38,17.2999,16.38,17.11,5434325
2020-06-03,BKR,17.59,17.68,17.32,17.33,752901
2020-06-04,BKR,17.18,17.49,16.88,17.15,6776113
2020-06-05,BKR,18.03,18.27,17.54,17.75,1715522
2020-06-08,BKR,18.9,19.3,18.53,19.06,9745169
2020-06-09,BKR,18.33,18.71,18.02,18.69,934856
2020-06-10,BKR,18.28,18.37,17.26,17.26,1060059
2020-06-11,BKR,16.01,16.52,15.52,15.63,1159362
2020-06-12,BKR,16.47,16.68,15.48,15.94,1011948
2020-06-15,BKR,15.12,16.54,15.08,16.36,1073793
2020-06-16,BKR,17.18,17.36,16.45,16.84,946097
2020-06-17,BKR,16.87,16.87,16.04,16.1,950175
2020-06-18,BKR,15.91,16.3,15.73,16.11,1005495
2020-06-19,BKR,16.66,16.67,15.38,15.47,1180084
2020-06-22,BKR,15.38,15.58,15.23,15.35,831917
2020-06-23,BKR,15.59,15.83,15.45,15.54,12063107
2020-06-24,BKR,15.33,15.33,14.07,14.31,1175561
2020-06-25,BKR,14.22,14.97,14.11,14.95,6040453
2020-06-26,BKR,14.91,14.94,14.49,14.7,829312
2020-06-29,BKR,14.76,15.07,14.5,14.85,6746749
2020-06-30,BKR,14.78,15.48,14.66,15.38,780625
2020-07-01,BKR,15.53,15.96,15.27,15.41,1701653
2020-07-02,BKR,15.79,16.09,15.38,15.42,1100977
2020-07-06,BKR,15.77,16.0,15.29,15.5,827256
2020-07-07,BKR,15.38,15.51,15.16,15.22,947638
2020-07-08,BKR,15.27,15.7,15.23,15.5,1127762
2020-07-09,BKR,15.63,15.63,14.61,14.65,764532
2020-07-10,BKR,14.59,15.08,14.57,15.06,436957
2020-07-13,BKR,15.1,15.46,14.87,15.05,746266
2020-07-14,BKR,14.99,15.625,14.83,15.56,5190355
2020-07-15,BKR,15.95,16.02,15.56,15.61,1011792
2020-07-16,BKR,15.24,15.69,15.24,15.4,423484
2020-07-17,BKR,15.41,15.6,15.25,15.28,576091
2020-07-20,BKR,15.24,15.34,14.79,15.05,726369
2020-07-21,BKR,15.4,16.39,15.32,16.31,6594344
2020-07-22,BKR,15.99,16.85,15.85,16.45,1531609
2020-07-23,BKR,16.54,16.8,16.08,16.69,1179816
2020-07-24,BKR,16.73,17.18,16.34,16.36,1173700
2020-07-27,BKR,16.48,16.48,15.96,16.33,770232
2020-07-28,BKR,16.16,16.27,15.77,15.87,5209613
2020-07-29,BKR,15.84,15.9,15.075,15.81,8650196
2020-07-30,BKR,15.41,15.53,14.86,15.33,8388079
2020-07-31,BKR,15.09,15.69,15.09,15.49,15642218
2020-08-03,BKR,15.37,15.89,15.05,15.62,984130
2020-08-04,BKR,15.46,16.215,15.46,16.19,4369430
2020-08-05,BKR,16.53,17.0,16.23,16.76,1201373
2020-08-06,BKR,16.74,16.84,16.52,16.77,959101
2020-08-07,BKR,16.38,16.59,16.175,16.57,5260055
2020-08-10,BKR,16.67,17.41,16.66,17.27,1052477
2020-08-11,BKR,17.58,17.77,17.12,17.17,1254133
2020-08-12,BKR,17.49,17.64,17.23,17.52,748450
2020-08-13,BKR,17.42,17.42,17.02,17.13,822900
2020-08-14,BKR,17.0,17.34,16.96,17.23,604591
2020-08-17,BKR,17.17,17.17,16.33,16.67,918461
2020-08-18,BKR,16.54,17.01,16.4,16.46,4490998
2020-08-19,BKR,16.45,16.59,16.19,16.32,620914
2020-08-20,BKR,16.15,16.15,15.71,15.73,646710
2020-08-21,BKR,15.58,15.62,15.22,15.45,700382
2020-08-24,BKR,15.59,16.14,15.51,15.9,588436
2020-08-25,BKR,16.16,16.23,15.64,15.64,615076
2020-08-26,BKR,15.62,15.62,14.96,15.06,731083
2020-08-27,BKR,15.07,15.14,14.69,14.73,1038056
2020-08-28,BKR,14.77,14.91,14.65,14.79,631860
2020-08-31,BKR,14.85,14.94,14.13,14.27,1049803
2020-09-01,BKR,14.15,14.15,13.76,13.88,870534
2020-09-02,BKR,13.85,14.19,13.59,14.11,7738416
2020-09-03,BKR,14.48,14.85,14.31,14.55,1343407
2020-09-04,BKR,14.85,14.91,14.38,14.52,1440253
2020-09-08,BKR,14.25,14.33,13.61,13.99,11613118
2020-09-09,BKR,14.14,14.22,13.88,14.13,828303
2020-09-10,BKR,14.14,14.16,13.79,13.88,1360771
2020-09-11,BKR,13.93,13.96,13.55,13.94,880797
2020-09-14,BKR,13.92,14.8,13.64,14.63,1299489
2020-09-15,BKR,14.49,14.93,14.49,14.71,945369
2020-09-16,BKR,14.75,15.24,14.553,15.01,9027403
2020-09-17,BKR,14.66,15.24,14.49,15.2,874502
2020-09-18,BKR,15.07,15.61,15.02,15.17,835433
2020-09-21,BKR,14.81,14.81,14.14,14.33,964696
2020-09-22,BKR,14.38,14.57,14.22,14.39,543484
2020-09-23,BKR,14.39,14.49,13.5,13.53,6465287
2020-09-24,BKR,13.34,13.6,13.1,13.31,1129780
2020-09-25,BKR,13.11,13.24,13.01,13.13,713361
2020-09-28,BKR,13.43,13.67,13.35,13.5,771982
2020-09-29,BKR,13.48,13.57,12.96,13.13,552677
2020-09-30,BKR,13.17,13.535,13.15,13.29,5729756
2020-10-01,BKR,13.03,13.16,12.57,12.76,677438
2020-10-02,BKR,12.33,12.86,12.15,12.64,833866
2020-10-05,BKR,12.84,13.06,12.8,12.95,705947
2020-10-06,BKR,13.23,13.31,12.74,12.76,6223348
2020-10-07,BKR,12.82,13.03,12.61,12.96,667484
2020-10-08,BKR,13.13,13.41,13.0,13.37,815107
2020-10-09,BKR,13.42,13.61,13.11,13.2,4379925
2020-10-12,BKR,13.15,13.2,12.91,13.12,657398
2020-10-13,BKR,13.05,13.05,12.74,12.88,789613
2020-10-14,BKR,12.87,13.64,12.81,13.15,8812832
2020-10-15,BKR,12.9,13.54,12.83,13.46,1155549
2020-10-16,BKR,13.34,13.45,13.12,13.15,1152686
2020-10-19,BKR,13.35,13.62,13.09,13.11,899465
2020-10-20,BKR,13.35,13.71,13.3,13.65,1432752
2020-10-21,BKR,13.4,14.34,13.28,14.04,10954423
2020-10-22,BKR,14.17,14.52,13.97,14.46,7498577
2020-10-23,BKR,14.59,14.68,14.06,14.29,6998390
2020-10-26,BKR,14.02,14.04,13.7,13.9,639782
2020-10-27,BKR,13.85,14.21,13.62,14.17,834339
2020-10-28,BKR,13.75,14.03,13.62,13.71,1064502
2020-10-29,BKR,13.45,14.35,13.4,14.35,1302148
2020-10-30,BKR,14.29,14.79,14.21,14.76,1246859
2020-11-02,BKR,14.84,15.93,14.81,15.71,1620011
2020-11-03,BKR,15.98,16.16,15.59,15.87,1221145
2020-11-04,BKR,15.74,16.04,15.26,15.66,853619
2020-11-05,BKR,15.59,15.97,15.59,15.73,684631
2020-11-06,BKR,15.53,15.94,15.36,15.59,996776
2020-11-09,BKR,17.41,18.44,16.92,17.67,14117054
2020-11-10,BKR,17.94,18.21,17.08,17.61,1018999
2020-11-11,BKR,17.83,17.9,17.17,17.56,618055
2020-11-12,BKR,17.18,17.5,16.99,17.25,884933
2020-11-13,BKR,17.44,17.94,17.38,17.88,715879
2020-11-16,BKR,18.6,19.09,18.18,18.78,1125650
2020-11-17,BKR,18.44,19.39,18.32,19.27,1202348
2020-11-18,BKR,19.36,19.36,18.57,18.58,8241808
2020-11-19,BKR,18.34,18.58,18.02,18.3,1604559
2020-11-20,BKR,18.16,18.27,17.98,18.21,1141879
2020-11-23,BKR,18.46,19.39,18.46,19.27,897578
2020-11-24,BKR,19.86,20.41,19.7,20.27,956101
2020-11-25,BKR,19.89,19.89,19.5,19.78,938361
2020-11-27,BKR,19.73,19.85,19.6,19.78,2415200
2020-11-30,BKR,19.52,19.705,18.7,18.72,12001952
2020-12-01,BKR,19.31,19.52,19.16,19.21,701458
2020-12-02,BKR,19.07,20.01,18.92,19.68,847844
2020-12-03,BKR,19.88,20.61,19.7,20.42,1049467
2020-12-04,BKR,20.83,21.79,20.74,21.78,1519236
2020-12-07,BKR,21.54,22.06,21.41,22.01,1052933
2020-12-08,BKR,21.65,22.48,21.65,22.42,774428
2020-12-09,BKR,22.58,23.29,22.4,22.73,1116616
2020-12-10,BKR,22.32,23.49,22.25,23.13,864113
2020-12-11,BKR,22.81,23.04,22.43,22.67,868273
2020-12-14,BKR,22.9,23.0,21.55,21.68,904782
2020-12-15,BKR,21.76,22.18,21.5,22.01,796754
2020-12-16,BKR,21.81,21.81,21.2,21.51,613824
2020-12-17,BKR,21.67,21.84,21.14,21.5,463985
2020-12-18,BKR,21.47,21.68,20.93,21.18,768547
2020-12-21,BKR,20.36,21.42,20.29,21.27,688266
2020-12-22,BKR,21.2,21.61,21.12,21.19,739139
2020-12-23,BKR,21.39,21.59,21.05,21.14,535562
2020-12-24,BKR,21.22,21.22,20.85,21.02,182002
2020-12-28,BKR,21.03,21.14,20.76,20.88,454489
2020-12-29,BKR,21.06,21.2,20.61,20.76,291261
2020-12-30,BKR,20.76,21.32,20.75,21.21,420356
2020-12-31,BKR,21.17,21.17,20.76,20.85,2799322
2021-01-04,BKR,21.21,21.48,20.82,21.03,556837
2021-01-05,BKR,21.35,22.03,21.24,21.26,1181092
2021-01-06,BKR,21.74,22.45,21.48,22.15,1045312
2021-01-07,BKR,22.31,22.73,22.27,22.67,741990
2021-01-08,BKR,22.83,22.91,22.26,22.46,696890
2021-01-11,BKR,21.81,22.71,21.59,22.66,456687
2021-01-12,BKR,22.86,23.49,22.67,23.05,629492
2021-01-13,BKR,22.95,23.22,22.65,23.0,524562
2021-01-14,BKR,23.17,24.03,23.06,23.72,651199
2021-01-15,BKR,23.12,23.29,22.39,22.86,682754
2021-01-19,BKR,22.89,23.12,22.62,22.87,718950
2021-01-20,BKR,23.0,23.14,22.54,22.89,880116
2021-01-21,BKR,22.74,23.88,22.18,22.55,1444226
2021-01-22,BKR,22.19,22.38,21.68,22.17,715722
2021-01-25,BKR,21.9,21.9,20.71,21.05,1071984
2021-01-26,BKR,21.31,21.68,20.55,20.6,698593
2021-01-27,BKR,20.36,21.15,19.68,20.4,1020332
2021-01-28,BKR,20.54,20.78,20.09,20.6,802118
2021-01-29,BKR,20.44,20.81,19.94,20.09,744520
2021-02-01,BKR,20.32,20.49,19.95,20.3,498884
2021-02-02,BKR,20.85,20.97,20.31,20.38,458465
2021-02-03,BKR,20.34,21.46,20.34,21.4,835753
2021-02-04,BKR,21.48,22.37,21.21,22.35,981733
2021-02-05,BKR,22.74,22.8,21.89,22.07,653946
2021-02-08,BKR,22.14,22.82,22.09,22.55,496762
2021-02-09,BKR,22.36,22.52,22.08,22.27,434731
2021-02-10,BKR,22.35,23.05,22.21,23.05,757648
2021-02-11,BKR,22.89,22.89,22.02,22.53,613262
2021-02-12,BKR,22.44,22.84,22.23,22.72,862975
2021-02-16,BKR,23.13,23.61,23.09,23.24,555676
2021-02-17,BKR,23.37,23.61,23.2,23.56,569656
2021-02-18,BKR,23.46,23.48,23.03,23.06,687414
2021-02-19,BKR,23.05,23.66,23.05,23.42,513133
2021-02-22,BKR,23.48,24.64,23.31,24.15,871717
2021-02-23,BKR,24.32,24.4,23.27,23.88,811071
2021-02-24,BKR,24.09,25.31,24.03,25.15,938026
2021-02-25,BKR,25.46,25.64,24.43,24.74,709208
2021-02-26,BKR,24.34,24.73,23.5,24.4,1375073
2021-03-01,BKR,24.79,25.43,24.66,24.99,1376962
2021-03-02,BKR,24.84,25.39,24.27,24.35,961746
2021-03-03,BKR,24.6,24.72,24.29,24.43,1550448
2021-03-04,BKR,24.62,24.62,23.01,24.01,1790108
2021-03-05,BKR,24.57,24.57,22.56,24.32,1685991
2021-03-08,BKR,24.56,24.56,23.58,24.3,964224
2021-03-09,BKR,24.15,24.71,23.67,23.92,904223
2021-03-10,BKR,23.9,24.51,23.81,24.37,774267
2021-03-11,BKR,24.37,24.91,24.12,24.14,793426
2021-03-12,BKR,24.25,24.44,24.09,24.35,782579
2021-03-15,BKR,24.46,24.84,24.09,24.19,655995
2021-03-16,BKR,23.95,23.95,22.99,23.0,887186
2021-03-17,BKR,22.98,24.02,22.98,23.97,1022429
2021-03-18,BKR,23.84,24.36,22.8,23.01,922146
2021-03-19,BKR,22.63,23.25,22.37,22.61,1157999
2021-03-22,BKR,22.43,22.56,22.02,22.29,740383
2021-03-23,BKR,21.81,22.24,21.52,21.71,800511
2021-03-24,BKR,22.09,22.24,21.89,22.05,852051
2021-03-25,BKR,21.63,21.71,20.71,21.52,1176551
2021-03-26,BKR,22.0,22.36,21.75,22.36,700778
2021-03-29,BKR,22.13,22.54,21.92,22.17,731100
2021-03-30,BKR,21.86,22.24,21.66,21.73,464703
2021-03-31,BKR,21.62,21.83,21.47,21.59,695631
2021-04-01,BKR,21.62,21.73,21.13,21.73,9452501
2021-04-05,BKR,21.72,21.72,21.18,21.42,517864
2021-04-06,BKR,21.52,21.86,21.22,21.27,775659
2021-04-07,BKR,21.26,21.67,21.17,21.4,630258
2021-04-08,BKR,21.15,21.25,20.28,20.71,13464394
2021-04-09,BKR,20.72,20.72,19.86,20.1,1421700
2021-04-12,BKR,20.32,20.46,19.93,20.07,1052623
2021-04-13,BKR,19.82,20.2,19.68,19.89,1108522
2021-04-14,BKR,20.09,20.73,20.08,20.34,1004025
2021-04-15,BKR,20.31,20.31,19.81,19.89,640780
2021-04-16,BKR,20.12,20.26,19.87,20.12,1109794
2021-04-19,BKR,20.32,20.51,19.95,20.06,722970
2021-04-20,BKR,19.89,19.96,19.25,19.5,1924888
2021-04-21,BKR,19.0,19.61,18.75,19.57,1090342
2021-04-22,BKR,19.53,20.1,19.53,19.82,9291720
2021-04-23,BKR,19.85,20.23,19.61,20.01,8241105
2021-04-26,BKR,20.18,20.4,20.02,20.14,904147
2021-04-27,BKR,20.19,20.27,19.57,19.93,792880
2021-04-28,BKR,20.07,20.43,19.95,20.25,1125880
2021-04-29,BKR,20.56,20.59,20.1,20.56,1398260
2021-04-30,BKR,20.25,20.71,20.07,20.08,1276514
2021-05-03,BKR,20.6,21.95,20.57,21.69,1296301
2021-05-04,BKR,21.74,22.01,21.52,21.59,1222728
2021-05-05,BKR,22.55,22.71,22.38,22.62,1010489
2021-05-06,BKR,22.71,23.11,22.42,23.07,1476711
2021-05-07,BKR,22.72,24.75,22.6,24.68,2159375
2021-05-10,BKR,24.83,25.22,24.62,24.62,1384395
2021-05-11,BKR,24.32,25.3,24.04,24.81,1370133
2021-05-12,BKR,24.73,25.23,23.91,23.96,1551978
2021-05-13,BKR,23.64,24.83,23.58,24.35,1562830
2021-05-14,BKR,24.67,25.22,24.54,25.09,812830
2021-05-17,BKR,24.89,26.38,24.89,26.34,1169775
2021-05-18,BKR,26.4,26.56,25.75,25.78,1111485
2021-05-19,BKR,25.21,25.49,24.57,25.25,1122391
2021-05-20,BKR,25.17,25.46,24.71,25.38,787006
2021-05-21,BKR,25.58,25.66,25.18,25.55,822873
2021-05-24,BKR,25.59,25.59,25.07,25.12,713570
2021-05-25,BKR,24.96,25.16,24.08,24.12,1322605
2021-05-26,BKR,24.18,24.43,23.93,24.16,1506640
2021-05-27,BKR,24.37,24.8,24.27,24.3,996784
2021-05-28,BKR,24.46,24.47,24.09,24.42,575752
2021-06-01,BKR,24.93,25.68,24.93,25.5,892636
2021-06-02,BKR,25.66,26.41,25.295,26.27,10875164
2021-06-03,BKR,26.11,26.28,25.73,25.86,1246150
2021-06-04,BKR,26.06,26.15,25.24,26.01,1411629
2021-06-07,BKR,26.15,26.21,25.77,25.92,674436
2021-06-08,BKR,25.76,26.02,25.45,25.93,684736
2021-06-09,BKR,26.09,26.16,25.81,25.81,6734280
2021-06-10,BKR,26.09,26.23,25.08,25.51,711007
2021-06-11,BKR,25.77,26.0,25.52,25.87,665173
2021-06-14,BKR,25.72,25.77,24.52,24.73,1604779
2021-06-15,BKR,24.86,25.15,24.73,24.95,937266
2021-06-16,BKR,24.89,25.1,24.48,24.72,688325
2021-06-17,BKR,24.71,24.8,23.46,23.98,9587623
2021-06-18,BKR,23.15,23.54,22.67,22.67,15598777
2021-06-21,BKR,22.98,23.94,22.97,23.86,867944
2021-06-22,BKR,23.7,23.99,23.51,23.9,596388
2021-06-23,BKR,24.04,24.27,23.25,23.32,1190397
2021-06-24,BKR,23.52,23.63,23.28,23.55,544188
2021-06-25,BKR,23.53,23.68,23.25,23.56,507881
2021-06-28,BKR,23.52,23.52,22.52,22.66,857231
2021-06-29,BKR,22.86,23.07,22.65,22.68,4428444
2021-06-30,BKR,22.89,23.14,22.66,22.84,650661
2021-07-01,BKR,23.44,23.75,23.31,23.53,1002185
2021-07-02,BKR,23.28,23.63,22.98,23.63,820865
2021-07-06,BKR,23.45,23.45,22.32,22.45,1333793
2021-07-07,BKR,22.24,22.71,21.89,22.25,885381
2021-07-08,BKR,21.84,22.31,21.72,21.95,777260
2021-07-09,BKR,22.4,22.84,22.15,22.73,617662
2021-07-12,BKR,22.5,23.14,22.21,23.1,823724
2021-07-13,BKR,22.77,22.85,22.32,22.35,1041133
2021-07-14,BKR,22.59,22.81,21.53,21.69,810109
2021-07-15,BKR,21.41,21.84,21.14,21.21,737856
2021-07-16,BKR,21.41,21.42,20.43,20.62,823506
2021-07-19,BKR,19.91,20.14,19.37,19.67,1409987
2021-07-20,BKR,19.5,20.23,19.33,20.03,1568314
2021-07-21,BKR,20.57,20.7,19.24,20.22,2007309
2021-07-22,BKR,20.21,20.29,19.6,19.86,1317226
2021-07-23,BKR,20.02,20.44,19.8,20.19,1789480
2021-07-26,BKR,20.28,21.0,20.21,20.88,1541776
2021-07-27,BKR,20.61,20.85,20.44,20.65,1008392
2021-07-28,BKR,20.84,21.2,20.44,20.97,1170666
2021-07-29,BKR,21.29,21.54,21.07,21.17,790926
2021-07-30,BKR,21.11,21.73,21.03,21.27,1616803
2021-08-02,BKR,21.25,21.91,20.74,20.85,1302658
2021-08-03,BKR,20.87,21.32,20.41,21.3,764747
2021-08-04,BKR,20.84,21.17,20.61,20.62,769838
2021-08-05,BKR,20.82,20.98,20.41,20.85,702617
2021-08-06,BKR,21.14,21.325,20.835,21.19,6393345
2021-08-09,BKR,20.64,21.25,20.43,21.07,1097171
2021-08-10,BKR,21.27,21.61,21.1,21.36,700683
2021-08-11,BKR,21.3,21.64,20.96,21.51,472915
2021-08-12,BKR,21.49,21.69,21.0,21.37,578228
2021-08-13,BKR,21.42,21.91,21.21,21.64,1180629
2021-08-16,BKR,21.33,21.41,20.99,21.28,1303879
2021-08-17,BKR,21.56,21.82,21.09,21.39,1292791
2021-08-18,BKR,21.29,21.9,21.13,21.2,1190001
2021-08-19,BKR,20.75,20.75,19.85,20.18,1663650
2021-08-20,BKR,19.94,20.63,19.86,20.42,1346237
2021-08-23,BKR,20.97,21.64,20.96,21.51,1041015
2021-08-24,BKR,21.68,22.3,21.68,22.21,1368135
2021-08-25,BKR,22.18,22.53,22.0,22.36,665177
2021-08-26,BKR,22.16,22.48,22.11,22.32,685690
2021-08-27,BKR,22.62,23.26,22.56,23.09,779880
2021-08-30,BKR,23.23,23.3,22.76,22.79,551446
2021-08-31,BKR,22.71,22.985,22.665,22.78,7632606
2021-09-01,BKR,22.71,22.84,22.44,22.52,636409
2021-09-02,BKR,22.79,23.45,22.72,23.38,800865
2021-09-03,BKR,23.35,23.59,23.08,23.16,407541
2021-09-07,BKR,23.0,23.39,22.79,23.04,891155
2021-09-08,BKR,23.17,23.29,22.62,22.7,669834
2021-09-09,BKR,22.78,23.81,22.68,23.55,1676157
2021-09-10,BKR,23.85,24.11,23.6,23.87,1146616
2021-09-13,BKR,24.25,24.61,24.19,24.42,1564738
2021-09-14,BKR,24.63,24.64,24.12,24.31,1277816
2021-09-15,BKR,24.64,25.47,24.57,25.1,1941924
2021-09-16,BKR,24.93,25.19,24.13,24.36,1444188
2021-09-17,BKR,24.1,24.34,23.81,23.95,1598350
2021-09-20,BKR,23.06,23.29,22.54,22.87,2145567
2021-09-21,BKR,23.13,23.41,22.75,23.22,1485695
2021-09-22,BKR,23.86,24.09,23.41,23.43,1050410
2021-09-23,BKR,23.56,24.36,23.37,24.04,1151694
2021-09-24,BKR,23.81,24.39,23.72,24.21,958012
2021-09-27,BKR,24.78,25.18,24.74,24.94,1282353
2021-09-28,BKR,25.22,25.87,24.8,24.9,2137717
2021-09-29,BKR,24.9,25.36,24.68,25.06,1515279
2021-09-30,BKR,24.84,25.13,24.56,24.76,1119734
2021-10-01,BKR,24.89,25.3,24.61,25.18,1085491
2021-10-04,BKR,25.5,25.82,25.21,25.44,1472787
2021-10-05,BKR,25.77,25.95,25.03,25.34,7280684
2021-10-06,BKR,24.86,25.03,24.02,24.82,1739838
2021-10-07,BKR,24.99,25.23,24.57,24.81,1368878
2021-10-08,BKR,25.02,25.39,24.94,25.23,861414
2021-10-11,BKR,25.47,26.04,25.28,25.47,1134895
2021-10-12,BKR,25.38,25.87,25.12,25.87,1253675
2021-10-13,BKR,25.46,26.38,25.41,26.24,1259815
2021-10-14,BKR,26.63,26.84,26.25,26.84,1217908
2021-10-15,BKR,27.21,27.66,26.75,26.88,1902701
2021-10-18,BKR,27.22,27.22,26.62,26.96,1273847
2021-10-19,BKR,27.11,27.15,26.56,26.85,2007024
2021-10-20,BKR,26.68,26.68,24.71,25.37,3818447
2021-10-21,BKR,25.28,25.31,23.95,24.27,17613599
2021-10-22,BKR,24.18,24.78,24.16,24.64,10298606
2021-10-25,BKR,24.99,25.215,24.59,25.16,15602978
2021-10-26,BKR,25.31,26.06,25.255,25.69,13011958
2021-10-27,BKR,25.36,25.52,24.87,24.93,1152504
2021-10-28,BKR,24.87,25.39,24.84,25.39,1190778
2021-10-29,BKR,25.37,25.37,24.96,25.08,1031916
2021-11-01,BKR,25.14,25.85,25.12,25.8,855417
2021-11-02,BKR,25.76,25.91,25.49,25.89,958094
2021-11-03,BKR,25.38,26.08,25.31,25.31,1191529
2021-11-04,BKR,25.79,25.91,24.79,24.94,1371622
2021-11-05,BKR,25.3,25.44,24.79,24.79,954198
2021-11-08,BKR,24.96,25.2,24.39,24.9,8347103
2021-11-09,BKR,24.91,25.3,24.51,25.27,884277
2021-11-10,BKR,25.08,25.31,23.98,24.09,1058987
2021-11-11,BKR,24.18,24.4,24.07,24.34,599954
2021-11-12,BKR,24.17,24.62,24.1,24.37,720551
2021-11-15,BKR,24.47,24.77,24.1,24.72,934633
2021-11-16,BKR,24.86,25.56,24.62,25.23,1075425
2021-11-17,BKR,25.04,25.13,24.27,24.33,1181789
2021-11-18,BKR,24.36,24.48,23.62,23.93,6362513
2021-11-19,BKR,23.28,23.35,22.43,22.56,1624723
2021-11-22,BKR,22.57,22.88,22.3,22.64,1289857
2021-11-23,BKR,23.0,23.84,22.91,23.76,1786376
2021-11-24,BKR,23.39,24.57,23.33,24.12,8001339
2021-11-26,BKR,22.73,23.18,22.49,23.06,7881337
2021-11-29,BKR,23.62,23.79,23.14,23.52,1271402
2021-11-30,BKR,23.21,23.51,22.83,23.33,2169719
2021-12-01,BKR,24.16,24.61,23.4,23.43,1644257
2021-12-02,BKR,23.43,24.2,23.4,24.02,1410504
2021-12-03,BKR,24.34,24.4,23.74,23.94,907057
2021-12-06,BKR,24.26,25.02,24.26,24.42,1263768
2021-12-07,BKR,24.69,25.16,24.55,25.13,8147524
2021-12-08,BKR,25.29,25.29,24.83,24.95,5565743
2021-12-09,BKR,24.6,24.96,24.49,24.87,4315141
2021-12-10,BKR,24.86,25.52,24.86,25.44,5996722
2021-12-13,BKR,25.29,25.53,24.42,24.56,7927006
2021-12-14,BKR,24.4,24.73,24.0,24.08,8449616
2021-12-15,BKR,24.1,24.15,22.85,23.83,8881169
2021-12-16,BKR,24.44,24.78,24.08,24.27,7545510
2021-12-17,BKR,23.81,24.05,23.03,23.68,19818478
2021-12-20,BKR,22.99,23.29,22.77,23.07,7535057
2021-12-21,BKR,23.45,23.89,23.37,23.79,6491925
2021-12-22,BKR,23.75,23.97,23.44,23.92,3421881
2021-12-23,BKR,24.08,24.38,23.96,24.22,3146586
2021-12-27,BKR,24.05,24.63,23.71,24.62,3437319
2021-12-28,BKR,24.68,24.78,24.33,24.58,3180041
2021-12-29,BKR,24.52,24.59,24.18,24.27,4302830
2021-12-30,BKR,24.15,24.36,23.86,23.95,3986511
2021-12-31,BKR,23.82,24.13,23.75,24.06,3861274
2022-01-03,BKR,24.1,25.07,24.1,25.04,4790654
2022-01-04,BKR,25.38,25.94,25.3,25.59,7798668
2022-01-05,BKR,26.01,26.21,25.62,25.68,7700503
2022-01-06,BKR,26.37,26.59,25.57,25.95,5841858
2022-01-07,BKR,26.0,26.18,25.81,26.12,6915207
2022-01-10,BKR,26.12,26.26,25.54,26.07,9974132
2022-01-11,BKR,26.28,27.05,26.14,26.96,9988388
2022-01-12,BKR,27.17,27.23,26.49,26.73,8317926
2022-01-13,BKR,26.41,27.0,26.18,26.27,9390824
2022-01-14,BKR,26.17,27.55,26.04,27.46,12025866
2022-01-18,BKR,27.77,27.84,26.5,26.8,10407593
2022-01-19,BKR,27.11,27.18,26.23,26.29,10458938
2022-01-20,BKR,27.3,27.88,26.61,26.72,12793337
2022-01-21,BKR,26.5,27.66,26.3,27.24,15878162
2022-01-24,BKR,26.68,27.11,25.52,27.07,11878560
2022-01-25,BKR,26.95,28.16,25.88,27.93,13512781
2022-01-26,BKR,28.11,28.38,27.13,27.52,12946619
2022-01-27,BKR,28.25,28.4,26.67,27.3,11477656
2022-01-28,BKR,27.09,27.54,26.48,27.16,8108440
2022-01-31,BKR,26.52,27.78,26.51,27.44,11173046
2022-02-01,BKR,27.02,27.89,26.75,27.5,8566143
2022-02-02,BKR,27.18,27.46,26.68,26.87,9553201
2022-02-03,BKR,26.91,26.98,26.21,26.36,8933893
2022-02-04,BKR,26.34,26.94,26.25,26.59,7713699
2022-02-07,BKR,26.57,27.89,26.48,27.53,9541234
2022-02-08,BKR,27.53,27.65,26.76,27.36,5726872
2022-02-09,BKR,27.43,28.17,27.32,27.65,7297485
2022-02-10,BKR,27.45,28.26,27.22,27.44,7381195
2022-02-11,BKR,27.67,29.28,27.54,29.14,10092442
2022-02-14,BKR,28.89,29.18,28.15,28.54,7327434
2022-02-15,BKR,27.83,28.83,27.66,28.79,6366377
2022-02-16,BKR,29.0,30.11,29.0,29.71,10323183
2022-02-17,BKR,29.61,29.87,29.29,29.43,5502435
2022-02-18,BKR,29.02,29.57,28.71,29.11,5039059
2022-02-22,BKR,29.75,29.97,28.41,28.6,15256002
2022-02-23,BKR,28.63,29.43,28.43,29.05,7211749
2022-02-24,BKR,29.45,29.51,27.9,28.72,11866324
2022-02-25,BKR,28.9,29.6,28.6,29.5,7092237
2022-02-28,BKR,29.25,29.68,28.91,29.38,11034447
2022-03-01,BKR,29.61,29.78,27.71,28.34,12167290
2022-03-02,BKR,29.04,30.65,29.03,30.39,11545586
2022-03-03,BKR,29.93,31.38,29.93,31.21,13542761
2022-03-04,BKR,30.85,33.28,30.77,33.22,14328507
2022-03-07,BKR,33.2,35.92,33.2,34.78,19497452
2022-03-08,BKR,35.26,36.92,34.17,34.8,22307555
2022-03-09,BKR,33.9,34.82,32.73,33.81,21479175
2022-03-10,BKR,33.94,36.9,33.93,36.74,13964313
2022-03-11,BKR,36.05,38.41,36.05,37.64,15390712
2022-03-14,BKR,36.67,37.48,36.28,36.98,12763473
2022-03-15,BKR,35.47,36.28,34.48,34.87,14491526
2022-03-16,BKR,34.71,34.97,32.58,33.65,20716707
2022-03-17,BKR,34.25,35.21,33.92,34.98,15890316
2022-03-18,BKR,34.68,35.55,34.62,35.29,24795616
2022-03-21,BKR,36.01,37.13,35.88,36.22,19941481
2022-03-22,BKR,36.16,36.96,35.9,36.54,16908549
2022-03-23,BKR,37.0,38.09,36.71,37.59,15181171
2022-03-24,BKR,37.49,39.78,37.42,38.29,13293939
2022-03-25,BKR,37.93,38.74,37.93,38.72,11992292
2022-03-28,BKR,37.92,37.94,36.74,37.0,7384683
2022-03-29,BKR,36.2,36.72,35.17,36.67,13402999
2022-03-30,BKR,37.31,37.56,36.61,37.35,9134079
2022-03-31,BKR,37.05,37.77,36.1,36.41,11010217
2022-04-01,BKR,36.7,37.2,36.11,36.42,8558884
2022-04-04,BKR,36.69,36.79,35.8,36.43,8290980
2022-04-05,BKR,36.4,37.3,35.34,35.52,12705262
2022-04-06,BKR,35.88,36.39,35.29,35.72,8523606
2022-04-07,BKR,35.68,36.22,35.08,36.12,9536282
2022-04-08,BKR,36.31,37.59,36.28,37.52,12765845
2022-04-11,BKR,36.72,37.18,36.4,36.47,7655541
2022-04-12,BKR,36.53,37.17,36.05,36.32,8028347
2022-04-13,BKR,36.87,37.32,36.06,37.22,6849920
2022-04-14,BKR,36.82,37.64,36.77,37.29,6853481
2022-04-18,BKR,37.6,37.91,37.16,37.43,10120482
2022-04-19,BKR,37.14,37.65,36.51,36.74,10263986
2022-04-20,BKR,35.97,36.37,32.8,35.33,23404058
2022-04-21,BKR,35.55,35.65,32.28,32.91,19153676
2022-04-22,BKR,32.6,34.02,32.02,32.2,12918241
2022-04-25,BKR,30.98,31.31,29.46,30.74,16705398
2022-04-26,BKR,31.12,32.63,31.02,31.35,17393749
2022-04-27,BKR,31.46,31.95,30.87,31.28,9187907
2022-04-28,BKR,31.5,32.4,30.86,31.97,11759061
2022-04-29,BKR,32.02,32.22,30.82,31.02,13335262
2022-05-02,BKR,30.73,31.36,30.23,30.91,8737819
2022-05-03,BKR,30.73,31.7,30.6,31.5,9766532
2022-05-04,BKR,32.19,32.96,31.08,32.84,11857631
2022-05-05,BKR,32.92,33.11,31.22,32.02,9915466
2022-05-06,BKR,32.23,32.56,31.57,32.13,6917602
2022-05-09,BKR,31.65,31.65,29.97,30.05,13366329
2022-05-10,BKR,30.36,31.48,30.09,30.82,8439259
2022-05-11,BKR,31.52,32.77,31.25,32.49,13027737
2022-05-12,BKR,32.13,32.42,30.88,31.91,12987113
2022-05-13,BKR,32.44,34.2,32.36,34.11,9975032
2022-05-16,BKR,33.87,35.02,33.81,34.93,8788842
2022-05-17,BKR,35.57,35.75,34.9,35.16,9523656
2022-05-18,BKR,35.44,35.72,34.07,34.64,7188622
2022-05-19,BKR,33.9,35.57,33.78,34.97,7785634
2022-05-20,BKR,35.32,35.57,33.95,34.55,9027684
2022-05-23,BKR,35.0,36.0,34.76,35.71,9358666
2022-05-24,BKR,35.21,36.41,35.1,36.28,7961549
2022-05-25,BKR,36.36,36.57,35.35,35.72,9187786
2022-05-26,BKR,36.33,37.36,36.28,37.1,6661214
2022-05-27,BKR,36.53,37.45,36.53,37.18,7577779
2022-05-31,BKR,37.39,37.96,35.62,35.98,21917493
2022-06-01,BKR,36.53,37.8,36.53,37.41,8349877
2022-06-02,BKR,37.4,37.48,36.71,36.91,7678608
2022-06-03,BKR,36.67,37.99,36.55,37.82,5939505
2022-06-06,BKR,38.0,38.19,37.53,37.68,6681934
2022-06-07,BKR,37.44,37.93,37.25,37.66,6771915
2022-06-08,BKR,37.88,38.66,37.41,37.49,7251677
2022-06-09,BKR,37.05,37.26,36.03,36.08,8662968
2022-06-10,BKR,35.5,36.16,34.79,35.23,9472196
2022-06-13,BKR,34.32,34.39,32.85,33.3,13025896
2022-06-14,BKR,34.24,34.5,32.52,32.93,9909227
2022-06-15,BKR,33.19,33.19,31.3,31.74,13069199
2022-06-16,BKR,30.82,31.37,29.83,29.89,14673301
2022-06-17,BKR,29.93,30.2,28.85,29.97,28201907
2022-06-21,BKR,30.52,31.22,30.21,30.48,10414220
2022-06-22,BKR,28.93,29.91,28.73,29.52,11024033
2022-06-23,BKR,29.58,29.8,28.08,28.66,11185284
2022-06-24,BKR,28.76,29.28,28.38,28.47,18456836
2022-06-27,BKR,29.18,29.65,28.8,29.44,6675535
2022-06-28,BKR,30.0,30.45,29.57,30.07,6505636
2022-06-29,BKR,30.23,30.53,29.25,29.63,8727727
2022-06-30,BKR,29.18,30.27,28.68,28.87,8592522
2022-07-01,BKR,29.11,29.41,28.02,29.09,5441398
2022-07-05,BKR,28.09,28.79,27.34,28.2,10379005
2022-07-06,BKR,27.8,28.72,26.84,27.5,8647149
2022-07-07,BKR,28.42,29.14,28.3,28.47,6656376
2022-07-08,BKR,28.9,28.99,28.12,28.47,5640507
2022-07-11,BKR,27.89,28.45,27.81,28.2,5347972
2022-07-12,BKR,27.36,27.67,26.95,27.49,7188407
2022-07-13,BKR,27.04,27.54,26.63,26.76,8540669
2022-07-14,BKR,25.74,26.42,25.6,26.34,6392042
2022-07-15,BKR,26.64,26.88,26.02,26.68,7010423
2022-07-18,BKR,27.48,27.59,27.03,27.16,6237546
2022-07-19,BKR,27.21,28.31,26.87,28.22,8769144
2022-07-20,BKR,25.41,26.33,24.37,25.89,29797869
2022-07-21,BKR,25.18,25.23,23.93,24.92,17634127
2022-07-22,BKR,25.05,25.51,23.9,24.08,10269656
2022-07-25,BKR,24.42,24.52,23.91,24.4,8569635
2022-07-26,BKR,24.8,24.91,24.13,24.3,12965162
2022-07-27,BKR,24.48,25.14,23.91,25.06,11933482
2022-07-28,BKR,25.25,25.48,24.25,24.98,6618177
2022-07-29,BKR,25.4,25.74,24.86,25.69,12847517
2022-08-01,BKR,25.51,25.51,24.61,24.66,10625143
2022-08-02,BKR,24.71,25.64,24.7,25.42,6529434
2022-08-03,BKR,25.78,26.17,25.09,25.23,8617448
2022-08-04,BKR,25.18,25.3,23.66,23.71,13526227
2022-08-05,BKR,23.54,24.32,23.46,24.06,6764805
2022-08-08,BKR,23.93,24.38,23.77,24.27,7647637
2022-08-09,BKR,24.61,24.75,23.72,23.85,7346147
2022-08-10,BKR,23.97,24.5,23.61,24.35,7516818
2022-08-11,BKR,24.67,25.57,24.67,25.28,7721541
2022-08-12,BKR,25.13,26.05,24.97,26.01,6855623
2022-08-15,BKR,24.79,25.32,24.72,25.3,5749443
2022-08-16,BKR,25.51,25.85,24.73,25.06,10857294
2022-08-17,BKR,24.83,25.19,24.49,24.75,11387585
2022-08-18,BKR,25.26,25.6,24.9,24.99,10401130
2022-08-19,BKR,24.93,25.32,24.64,25.16,8615741
2022-08-22,BKR,25.0,25.59,24.62,25.27,8429871
2022-08-23,BKR,25.68,26.69,25.67,26.1,8780397
2022-08-24,BKR,25.93,26.61,25.91,26.47,6576912
2022-08-25,BKR,26.6,26.85,26.21,26.65,6798757
2022-08-26,BKR,26.77,26.96,25.79,26.13,7216932
2022-08-29,BKR,26.05,26.45,25.85,26.23,9403248
2022-08-30,BKR,25.69,25.72,24.8,25.05,7639397
2022-08-31,BKR,24.5,25.5,24.32,25.26,13351673
2022-09-01,BKR,24.89,25.04,24.35,24.6,8670370
2022-09-02,BKR,25.3,25.68,24.93,25.28,6103180
2022-09-06,BKR,25.3,25.56,24.72,24.89,11101555
2022-09-07,BKR,24.32,24.41,23.87,24.35,12208982
2022-09-08,BKR,24.4,24.47,23.79,23.89,11737273
2022-09-09,BKR,24.48,25.37,24.37,25.25,8810976
2022-09-12,BKR,25.73,25.8,25.28,25.46,9306293
2022-09-13,BKR,25.21,26.09,24.39,24.54,10450646
2022-09-14,BKR,24.89,25.77,24.72,25.39,8974697
2022-09-15,BKR,24.83,25.03,24.22,24.33,10941440
2022-09-16,BKR,23.87,24.07,23.46,23.8,35834541
2022-09-19,BKR,23.25,24.24,23.03,24.18,12383708
2022-09-20,BKR,24.12,24.12,22.73,23.0,9078573
2022-09-21,BKR,23.45,23.6,22.86,23.02,8826093
2022-09-22,BKR,23.45,23.77,22.95,22.97,7187129
2022-09-23,BKR,21.93,22.08,21.27,21.73,13033008
2022-09-26,BKR,21.38,21.53,20.41,20.45,14415834
2022-09-27,BKR,20.79,21.43,20.67,20.76,9083360
2022-09-28,BKR,21.03,21.37,20.74,21.28,8066290
2022-09-29,BKR,21.02,21.2,20.6,21.12,7510207
2022-09-30,BKR,20.99,21.23,20.84,20.96,8438527
2022-10-03,BKR,21.85,22.43,21.82,22.28,8641365
2022-10-04,BKR,22.65,23.27,22.52,23.19,9192950
2022-10-05,BKR,22.91,23.87,22.91,23.71,6891028
2022-10-06,BKR,23.45,23.92,23.35,23.74,6639439
2022-10-07,BKR,23.75,23.75,22.77,22.88,7364768
2022-10-10,BKR,22.9,23.31,22.2,22.37,6546407
2022-10-11,BKR,22.12,22.66,21.88,22.25,7512871
2022-10-12,BKR,22.01,22.83,21.94,22.64,6162949
2022-10-13,BKR,22.18,23.98,22.18,23.88,7748149
2022-10-14,BKR,23.6,23.82,22.85,22.91,7282528
2022-10-17,BKR,23.55,23.99,23.37,23.93,8602901
2022-10-18,BKR,23.89,24.53,23.62,24.18,11519177
2022-10-19,BKR,26.56,26.56,25.12,25.65,17385517
2022-10-20,BKR,26.2,26.35,25.67,25.95,11755889
2022-10-21,BKR,25.96,26.83,25.73,26.67,11806694
2022-10-24,BKR,26.62,26.65,25.97,26.13,8048065
2022-10-25,BKR,25.88,26.2,25.74,26.1,9144565
2022-10-26,BKR,26.27,27.0,26.23,26.43,8108654
2022-10-27,BKR,26.89,27.71,26.78,27.03,9359839
2022-10-28,BKR,27.35,27.64,26.58,27.24,6770319
2022-10-31,BKR,26.96,27.71,26.8,27.66,8713698
2022-11-01,BKR,28.21,28.68,27.88,28.5,11389867
2022-11-02,BKR,28.58,28.87,27.43,27.59,10569822
2022-11-03,BKR,27.31,28.45,27.3,28.29,7866883
2022-11-04,BKR,28.68,29.46,28.63,29.11,7314582
2022-11-07,BKR,29.32,30.73,29.32,30.62,8421359
2022-11-08,BKR,30.63,31.16,30.24,30.94,8229184
2022-11-09,BKR,30.58,30.58,29.4,29.51,5342778
2022-11-10,BKR,30.09,30.61,29.64,30.58,6427199
2022-11-11,BKR,31.33,31.88,30.84,31.02,7138933
2022-11-14,BKR,30.77,30.96,30.22,30.25,6410001
2022-11-15,BKR,30.33,31.04,30.23,30.89,6400523
2022-11-16,BKR,30.82,31.11,30.16,30.23,5805591
2022-11-17,BKR,29.61,29.86,29.18,29.83,4122066
2022-11-18,BKR,29.27,29.47,28.79,29.13,10765839
2022-11-21,BKR,28.53,28.75,27.58,28.72,6854150
2022-11-22,BKR,29.26,29.68,28.91,29.49,5933488
2022-11-23,BKR,28.77,29.38,28.43,28.83,6649044
2022-11-25,BKR,28.7,29.03,28.46,28.5,2689317
2022-11-28,BKR,27.93,28.45,27.62,28.19,8331457
2022-11-29,BKR,28.7,28.81,28.42,28.65,4771947
2022-11-30,BKR,29.02,29.19,28.48,29.02,17524763
2022-12-01,BKR,29.42,29.96,29.07,29.26,5730811
2022-12-02,BKR,28.86,29.64,28.81,29.51,6461609
2022-12-05,BKR,29.69,29.85,28.59,28.72,7352700
2022-12-06,BKR,28.47,28.95,28.18,28.38,6495581
2022-12-07,BKR,28.3,28.59,27.71,27.88,8315828
2022-12-08,BKR,28.63,28.7,27.88,28.08,6371551
2022-12-09,BKR,28.02,28.36,27.07,27.11,8401724
2022-12-12,BKR,27.42,28.19,27.37,28.15,7562653
2022-12-13,BKR,28.79,29.48,28.73,29.26,8617494
2022-12-14,BKR,29.59,29.77,28.88,28.98,7634418
2022-12-15,BKR,28.84,29.2,28.57,29.04,6015980
2022-12-16,BKR,28.54,28.68,27.99,28.37,53992570
2022-12-19,BKR,28.7,28.93,27.97,28.26,6470182
2022-12-20,BKR,28.4,29.19,28.21,28.92,7202612
2022-12-21,BKR,29.45,29.62,28.6,29.35,5871408
2022-12-22,BKR,29.39,29.43,27.63,28.36,6317510
2022-12-23,BKR,28.88,29.14,28.39,29.1,5648495
2022-12-27,BKR,29.4,29.61,29.04,29.37,3800994
2022-12-28,BKR,29.21,29.29,28.34,28.55,4472442
2022-12-29,BKR,28.52,29.44,28.48,29.18,3719511
2022-12-30,BKR,28.9,29.56,28.84,29.53,3806945
2023-01-03,BKR,29.34,30.04,28.55,28.75,6551048
2023-01-04,BKR,28.38,28.38,27.38,27.89,10198811
2023-01-05,BKR,27.85,28.86,27.75,28.8,5748279
2023-01-06,BKR,29.37,30.38,29.16,29.96,6928320
2023-01-09,BKR,30.56,31.1,30.31,30.54,5574105
2023-01-10,BKR,30.44,30.93,30.05,30.87,6086386
2023-01-11,BKR,30.98,31.15,30.55,30.83,5251746
2023-01-12,BKR,30.82,31.89,30.68,31.5,5542707
2023-01-13,BKR,31.42,31.68,30.84,31.63,4520896
2023-01-17,BKR,31.61,31.82,31.32,31.48,5928328
2023-01-18,BKR,31.85,32.17,30.65,30.69,7127158
2023-01-19,BKR,30.56,30.77,29.91,30.49,5957251
2023-01-20,BKR,30.35,31.16,30.14,31.07,10389590
2023-01-23,BKR,31.08,31.67,30.4,30.59,7178215
2023-01-24,BKR,30.42,30.46,29.11,30.15,8024318
2023-01-25,BKR,29.82,31.03,29.48,31.0,5927690
2023-01-26,BKR,31.3,31.83,30.62,31.8,4927361
2023-01-27,BKR,31.7,31.77,31.14,31.3,5435252
2023-01-30,BKR,30.99,31.33,30.77,31.02,4552616
2023-01-31,BKR,30.93,31.88,30.87,31.74,5036478
2023-02-01,BKR,31.39,32.3,31.04,31.99,7350379
2023-02-02,BKR,31.91,31.96,30.93,31.39,7744291
2023-02-03,BKR,31.41,31.84,31.11,31.37,9233876
2023-02-06,BKR,31.39,31.74,31.05,31.66,5685686
2023-02-07,BKR,31.88,32.62,31.56,32.52,6083219
2023-02-08,BKR,32.71,32.91,32.19,32.57,6354626
2023-02-09,BKR,32.45,32.57,32.0,32.18,8385562
2023-02-10,BKR,32.69,32.99,32.28,32.92,5796470
2023-02-13,BKR,32.7,33.12,32.47,32.78,3851565
2023-02-14,BKR,32.35,32.94,32.12,32.46,5622396
2023-02-15,BKR,31.99,32.15,31.34,32.15,4936070
2023-02-16,BKR,32.39,32.9,32.18,32.26,4898764
2023-02-17,BKR,31.8,31.87,30.39,30.59,9360978
2023-02-21,BKR,30.4,30.64,29.93,30.13,6773600
2023-02-22,BKR,30.12,30.5,29.82,30.05,5977669
2023-02-23,BKR,30.55,30.78,30.3,30.47,4908180
2023-02-24,BKR,30.0,30.51,29.75,30.38,4751292
2023-02-27,BKR,30.54,31.16,30.35,31.04,3912061
2023-02-28,BKR,31.33,31.41,30.58,30.6,5278926
2023-03-01,BKR,30.63,31.25,30.61,31.09,3830102
2023-03-02,BKR,30.97,31.89,30.94,31.71,5038928
2023-03-03,BKR,31.08,32.34,31.0,32.28,4769226
2023-03-06,BKR,32.24,32.41,32.0,32.27,4666137
2023-03-07,BKR,32.13,32.27,31.73,31.75,4133214
2023-03-08,BKR,31.6,31.91,30.98,31.43,3407356
2023-03-09,BKR,31.5,31.82,30.02,30.06,4935205
2023-03-10,BKR,30.09,30.13,28.93,29.07,6255325
2023-03-13,BKR,28.34,28.96,27.8,28.14,8660685
2023-03-14,BKR,28.29,28.94,27.73,28.36,7488650
2023-03-15,BKR,27.42,27.55,26.41,26.85,14303671
2023-03-16,BKR,26.2,27.52,26.13,27.3,12698530
2023-03-17,BKR,27.0,27.04,26.33,26.92,14502629
2023-03-20,BKR,26.99,27.42,26.92,26.95,8112853
2023-03-21,BKR,27.57,28.11,27.48,28.04,9489335
2023-03-22,BKR,28.11,28.13,27.02,27.04,6130069
2023-03-23,BKR,27.12,27.75,26.48,26.73,5711832
2023-03-24,BKR,26.13,27.18,26.12,27.02,7614650
2023-03-27,BKR,27.22,27.52,26.91,27.26,7690502
2023-03-28,BKR,27.13,27.64,27.12,27.58,9917494
2023-03-29,BKR,28.04,28.21,27.68,28.17,11312655
2023-03-30,BKR,28.59,28.89,28.38,28.75,10210361
2023-03-31,BKR,28.92,29.02,28.59,28.86,7258452
2023-04-03,BKR,30.18,30.52,29.77,29.91,8779383
2023-04-04,BKR,29.94,30.09,28.95,29.25,4840648
2023-04-05,BKR,29.29,29.51,28.9,29.04,5246672
2023-04-06,BKR,29.02,29.19,28.43,28.51,4583269
2023-04-10,BKR,28.56,29.11,28.52,28.83,2904909
2023-04-11,BKR,28.9,29.42,28.56,29.15,4545698
2023-04-12,BKR,29.4,29.6,28.95,29.25,3662190
2023-04-13,BKR,29.18,29.66,29.14,29.45,5378110
2023-04-14,BKR,29.54,29.59,28.86,29.15,5395698
2023-04-17,BKR,29.28,29.3,28.79,29.15,5280097
2023-04-18,BKR,29.06,29.75,28.98,29.5,11208247
2023-04-19,BKR,29.76,30.82,29.76,30.56,10417073
2023-04-20,BKR,30.19,30.39,29.72,30.09,8191656
2023-04-21,BKR,30.25,30.39,29.41,29.66,7399037
2023-04-24,BKR,29.6,30.42,29.56,30.19,5856358
2023-04-25,BKR,29.86,29.9,29.09,29.29,6286476
2023-04-26,BKR,29.09,29.48,28.5,28.76,5742148
2023-04-27,BKR,28.56,29.02,28.4,28.84,6118574
2023-04-28,BKR,28.65,29.38,28.52,29.24,5413190
2023-05-01,BKR,28.96,29.34,28.65,28.88,4415316
2023-05-02,BKR,28.46,28.53,27.11,27.35,9776638
2023-05-03,BKR,27.04,27.89,26.81,27.46,9051366
2023-05-04,BKR,27.47,27.76,27.14,27.22,8291623
2023-05-05,BKR,28.08,28.43,27.7,28.22,7325735
2023-05-08,BKR,28.63,28.84,27.99,28.11,4671899
2023-05-09,BKR,27.85,28.54,27.67,28.19,5517826
2023-05-10,BKR,28.38,28.41,27.67,27.89,8941041
2023-05-11,BKR,27.36,27.53,27.07,27.36,7293766
2023-05-12,BKR,27.64,28.01,27.55,27.66,5890037
2023-05-15,BKR,27.92,28.2,27.8,27.89,5758908
2023-05-16,BKR,27.81,27.89,27.32,27.44,8663149
2023-05-17,BKR,27.64,27.91,27.31,27.48,10364555
2023-05-18,BKR,27.34,28.25,27.18,28.18,7945407
2023-05-19,BKR,28.58,28.61,28.09,28.17,5928068
2023-05-22,BKR,28.25,28.59,28.02,28.37,4606953
2023-05-23,BKR,28.64,28.75,28.14,28.4,4124675
2023-05-24,BKR,28.47,29.05,28.23,28.72,5064257
2023-05-25,BKR,28.03,28.29,27.69,28.0,5490931
2023-05-26,BKR,27.95,28.13,27.62,27.89,4485901
2023-05-30,BKR,27.13,27.88,27.09,27.8,6324538
2023-05-31,BKR,27.44,27.64,26.96,27.25,17917388
2023-06-01,BKR,27.25,28.77,27.19,28.61,7824599
2023-06-02,BKR,29.31,29.87,28.95,29.58,6114954
2023-06-05,BKR,30.0,30.02,29.16,29.67,5330466
2023-06-06,BKR,29.15,30.72,29.15,30.59,7653057
2023-06-07,BKR,30.66,31.09,30.58,30.64,7931499
2023-06-08,BKR,30.71,30.82,30.15,30.29,6334511
2023-06-09,BKR,30.38,30.53,29.9,30.01,5395542
2023-06-12,BKR,29.48,30.2,29.38,29.79,7995872
2023-06-13,BKR,30.47,31.04,30.14,30.17,6964873
2023-06-14,BKR,30.45,30.72,29.6,29.94,6991252
2023-06-15,BKR,29.93,30.47,29.93,30.24,7899451
2023-06-16,BKR,30.39,30.77,30.25,30.57,12506543
2023-06-20,BKR,30.32,30.39,29.29,29.8,5879861
2023-06-21,BKR,29.57,30.82,29.51,30.49,7810706
2023-06-22,BKR,30.26,30.47,29.83,30.15,4154363
2023-06-23,BKR,29.68,29.86,29.21,29.77,7952894
2023-06-26,BKR,29.73,30.83,29.67,30.53,5417107
2023-06-27,BKR,30.37,31.14,30.29,30.97,6083614
2023-06-28,BKR,31.0,31.47,30.61,31.13,5793688
2023-06-29,BKR,31.16,31.37,30.66,31.36,6863166
2023-06-30,BKR,31.67,31.94,31.4,31.61,6827852
2023-07-03,BKR,31.63,31.8,31.2,31.6,2951235
2023-07-05,BKR,31.76,31.82,31.07,31.54,5494008
2023-07-06,BKR,31.25,31.66,31.02,31.6,7178202
2023-07-07,BKR,31.38,33.24,31.37,33.11,10408977
2023-07-10,BKR,33.02,33.34,32.84,33.23,7770912
2023-07-11,BKR,33.43,34.13,33.27,34.03,7654909
2023-07-12,BKR,34.27,34.91,34.09,34.44,8360703
2023-07-13,BKR,34.39,34.92,34.26,34.68,6832136
2023-07-14,BKR,34.4,34.53,34.12,34.35,5212731
2023-07-17,BKR,34.21,34.91,34.19,34.65,8188127
2023-07-18,BKR,34.51,35.3,34.47,35.04,11003962
2023-07-19,BKR,34.58,35.87,34.3,35.2,12991631
2023-07-20,BKR,35.47,35.62,34.53,34.66,10701488
2023-07-21,BKR,34.84,35.57,34.42,35.43,23644198
2023-07-24,BKR,35.6,36.16,35.58,35.84,8685464
2023-07-25,BKR,35.7,35.93,35.52,35.74,7351462
2023-07-26,BKR,35.28,35.7,35.09,35.53,7789533
2023-07-27,BKR,35.59,35.72,34.45,34.66,8116610
2023-07-28,BKR,34.94,35.46,34.94,35.42,5800232
2023-07-31,BKR,35.54,35.8,35.36,35.79,6252662
2023-08-01,BKR,35.49,35.81,35.25,35.77,5301228
2023-08-02,BKR,35.52,35.62,35.02,35.56,5751344
2023-08-03,BKR,35.6,36.17,35.45,35.65,5120854
2023-08-04,BKR,35.76,35.92,35.44,35.52,5642679
2023-08-07,BKR,35.48,35.72,35.34,35.59,5232381
2023-08-08,BKR,34.74,35.69,34.67,35.65,4898893
2023-08-09,BKR,36.0,36.48,35.7,36.11,5588280
2023-08-10,BKR,36.09,36.32,35.02,35.33,6220150
2023-08-11,BKR,35.2,35.66,35.15,35.48,5137098
2023-08-14,BKR,35.4,35.42,35.15,35.33,4881383
2023-08-15,BKR,35.14,35.32,34.77,35.11,4530209
2023-08-16,BKR,35.17,35.62,34.95,34.97,5074723
2023-08-17,BKR,35.51,35.62,34.85,34.87,5196730
2023-08-18,BKR,34.6,35.36,34.53,35.26,4144647
2023-08-21,BKR,35.35,35.49,34.73,35.05,3910198
2023-08-22,BKR,35.04,35.28,35.01,35.18,4067325
2023-08-23,BKR,34.86,35.62,34.61,35.46,4288657
2023-08-24,BKR,35.19,35.81,35.18,35.23,4935482
2023-08-25,BKR,35.59,35.6,35.07,35.39,3447032
2023-08-28,BKR,35.4,36.24,35.4,36.0,4512193
2023-08-29,BKR,36.0,36.22,35.73,36.1,5790725
2023-08-30,BKR,36.23,36.42,35.97,36.05,6897773
2023-08-31,BKR,36.23,36.33,35.79,36.19,10010672
2023-09-01,BKR,36.56,37.23,36.55,36.81,8386824
2023-09-05,BKR,37.24,37.58,37.0,37.07,9233667
2023-09-06,BKR,37.0,37.31,36.82,37.22,7775506
2023-09-07,BKR,37.16,37.45,37.06,37.2,8073382
2023-09-08,BKR,37.39,37.52,36.88,36.95,8085406
2023-09-11,BKR,37.34,37.55,36.48,36.74,6655571
2023-09-12,BKR,37.01,37.25,36.73,37.1,8937313
2023-09-13,BKR,37.1,37.13,36.1,36.24,7171188
2023-09-14,BKR,36.75,36.85,36.52,36.68,6567635
2023-09-15,BKR,36.5,36.62,35.97,36.16,12205009
2023-09-18,BKR,36.42,36.64,36.12,36.46,7906704
2023-09-19,BKR,36.66,36.87,35.89,36.18,7427315
2023-09-20,BKR,36.1,36.54,35.79,35.8,6240648
2023-09-21,BKR,35.9,36.01,35.05,35.06,7114994
2023-09-22,BKR,35.16,35.62,35.16,35.4,5005967
2023-09-25,BKR,35.33,36.04,35.31,35.9,5353819
2023-09-26,BKR,35.67,36.04,35.62,35.71,6450164
2023-09-27,BKR,36.16,36.44,35.8,36.25,6932271
2023-09-28,BKR,36.25,36.85,36.2,36.59,5879893
2023-09-29,BKR,36.54,36.6,35.17,35.32,8094588
2023-10-02,BKR,35.2,35.34,34.09,34.56,6952683
2023-10-03,BKR,34.32,34.83,34.28,34.53,5839472
2023-10-04,BKR,34.04,34.11,33.03,33.14,7840878
2023-10-05,BKR,32.88,33.47,32.79,33.35,6898069
2023-10-06,BKR,33.37,33.97,33.03,33.73,6259338
2023-10-09,BKR,34.84,34.98,34.45,34.8,6507859
2023-10-10,BKR,34.76,35.15,34.64,34.9,6256786
2023-10-11,BKR,34.57,34.92,34.27,34.9,3845185
2023-10-12,BKR,35.3,35.3,34.44,34.77,3978736
2023-10-13,BKR,35.36,35.4,34.78,34.85,6614195
2023-10-16,BKR,35.1,35.36,34.79,35.17,5747329
2023-10-17,BKR,35.02,35.8,34.99,35.61,4621388
2023-10-18,BKR,35.79,36.01,35.48,35.72,5061877
2023-10-19,BKR,35.58,36.13,35.19,35.58,4229725
2023-10-20,BKR,35.45,35.56,34.44,34.84,5258375
2023-10-23,BKR,34.65,35.0,34.41,34.67,6111626
2023-10-24,BKR,34.78,35.02,34.38,34.48,6887257
2023-10-25,BKR,34.39,34.71,33.96,34.02,7625329
2023-10-26,BKR,34.38,35.6,34.23,35.02,9540389
2023-10-27,BKR,35.18,35.38,34.72,34.81,6111754
2023-10-30,BKR,35.05,35.47,34.7,34.96,8112890
2023-10-31,BKR,35.02,35.1,34.15,34.42,6800868
2023-11-01,BKR,34.49,35.26,34.27,34.84,9178097
2023-11-02,BKR,35.0,35.71,34.97,35.51,10112369
2023-11-03,BKR,35.53,35.54,34.95,35.19,5519138
2023-11-06,BKR,35.35,35.65,34.79,34.94,4190840
2023-11-07,BKR,34.43,34.58,33.81,33.86,9759245
2023-11-08,BKR,33.64,34.19,33.57,33.74,10744892
2023-11-09,BKR,33.96,34.16,33.76,33.92,7238699
2023-11-10,BKR,34.42,34.5,34.11,34.34,10033697
2023-11-13,BKR,34.33,34.62,34.22,34.47,7519120
2023-11-14,BKR,34.69,34.85,34.4,34.7,12074163
2023-11-15,BKR,34.52,35.19,34.48,34.66,8082202
2023-11-16,BKR,34.37,34.62,32.76,33.24,7517181
2023-11-17,BKR,33.68,33.95,33.49,33.71,7981560
2023-11-20,BKR,33.8,34.07,33.73,33.87,7449432
2023-11-21,BKR,33.8,34.04,33.68,33.91,7752552
2023-11-22,BKR,33.25,33.62,32.79,33.58,6071580
2023-11-24,BKR,33.59,34.16,33.59,33.89,2408165
2023-11-27,BKR,33.85,34.05,33.49,33.97,4431386
2023-11-28,BKR,34.0,34.21,33.61,33.82,5723658
2023-11-29,BKR,33.88,33.97,33.13,33.34,5604449
2023-11-30,BKR,33.59,34.19,33.1,33.75,9304784
2023-12-01,BKR,33.67,34.41,33.46,33.79,5960950
2023-12-04,BKR,33.53,33.81,33.12,33.75,6720417
2023-12-05,BKR,33.66,33.68,32.69,32.8,5627435
2023-12-06,BKR,32.65,32.82,31.66,31.86,7470048
2023-12-07,BKR,32.17,32.25,31.42,31.73,8725786
2023-12-08,BKR,31.86,32.28,31.75,32.24,8444330
2023-12-11,BKR,32.48,32.95,32.45,32.51,6024071
2023-12-12,BKR,32.2,32.36,31.84,32.3,5850083
2023-12-13,BKR,32.34,32.78,32.13,32.6,7659900
2023-12-14,BKR,32.99,33.8,32.94,33.54,7770105
2023-12-15,BKR,33.48,33.6,32.9,33.58,19893146
2023-12-18,BKR,34.35,34.85,33.94,34.07,5717265
2023-12-19,BKR,34.24,34.43,33.9,34.07,6660572
2023-12-20,BKR,34.14,34.68,33.97,34.03,4771343
2023-12-21,BKR,34.03,34.12,33.72,34.04,5286480
2023-12-22,BKR,34.39,34.41,34.0,34.12,6369520
2023-12-26,BKR,34.53,34.88,34.45,34.78,2872950
2023-12-27,BKR,34.72,34.92,34.44,34.49,2961233
2023-12-28,BKR,34.36,34.43,34.09,34.2,2928023
2023-12-29,BKR,34.22,34.3,34.01,34.18,5068521
2024-01-02,BKR,34.43,34.65,33.74,33.93,4721073
2024-01-03,BKR,34.03,34.2,33.79,33.92,6801717
2024-01-04,BKR,34.12,34.2,33.19,33.25,7345246
2024-01-05,BKR,33.47,33.55,33.12,33.42,5629262
2024-01-08,BKR,32.7,32.77,31.91,32.44,8993451
2024-01-09,BKR,32.35,32.38,31.49,31.62,7333586
2024-01-10,BKR,31.64,31.64,30.95,31.23,8471189
2024-01-11,BKR,31.34,31.5,31.03,31.17,8339816
2024-01-12,BKR,31.69,31.78,30.87,31.52,12546220
2024-01-16,BKR,31.32,31.41,30.61,30.67,7541146
2024-01-17,BKR,30.31,30.92,30.14,30.79,7311279
2024-01-18,BKR,30.73,30.98,30.51,30.87,5717988
2024-01-19,BKR,30.99,31.01,30.58,30.7,9750351
2024-01-22,BKR,30.6,31.14,30.45,30.98,7177228
2024-01-23,BKR,30.76,31.66,30.76,31.53,14531557
2024-01-24,BKR,30.25,31.1,29.66,30.04,20069643
2024-01-25,BKR,30.46,30.6,29.71,30.3,21034724
2024-01-26,BKR,30.26,30.59,29.85,30.48,12352559
2024-01-29,BKR,30.22,30.32,29.82,30.0,11490277
2024-01-30,BKR,28.74,29.52,28.34,29.34,23727219
2024-01-31,BKR,29.43,29.49,28.43,28.5,10664414
2024-02-01,BKR,28.66,28.88,28.37,28.63,11208701
2024-02-02,BKR,28.7,29.14,28.58,28.99,12945970
2024-02-05,BKR,28.68,28.94,28.32,28.8,11840641
2024-02-06,BKR,28.86,29.62,28.79,29.39,13403822
2024-02-07,BKR,29.47,29.69,29.09,29.12,9040030
2024-02-08,BKR,28.99,29.45,28.91,29.32,9029122
2024-02-09,BKR,29.31,29.46,28.83,29.06,7661366
2024-02-12,BKR,28.98,29.59,28.95,29.5,9720445
2024-02-13,BKR,29.43,29.55,28.7,29.01,9740465
2024-02-14,BKR,29.2,29.21,28.63,28.85,8118986
2024-02-15,BKR,28.91,29.39,28.79,29.2,10899064
2024-02-16,BKR,29.2,29.32,28.94,29.15,7398691
2024-02-20,BKR,28.86,29.09,28.66,29.05,8362390
2024-02-21,BKR,29.13,29.4,29.0,29.34,10578222
2024-02-22,BKR,29.29,29.47,29.01,29.2,9427397
2024-02-23,BKR,29.0,30.09,28.88,29.89,13039764
2024-02-26,BKR,29.73,30.39,29.67,29.84,9822929
2024-02-27,BKR,30.05,30.05,29.52,29.72,6600361
2024-02-28,BKR,29.6,29.75,29.19,29.48,6079000
2024-02-29,BKR,29.75,29.86,29.37,29.59,12879478
2024-03-01,BKR,29.59,30.13,29.51,29.96,6445680
2024-03-04,BKR,30.0,30.03,29.36,29.43,6157404
2024-03-05,BKR,29.44,30.19,29.3,30.17,8765066
2024-03-06,BKR,30.47,30.86,30.41,30.56,10371725
2024-03-07,BKR,30.64,31.06,30.58,30.83,9733016
2024-03-08,BKR,30.71,30.91,30.43,30.6,5548490
2024-03-11,BKR,30.67,31.39,30.52,31.3,6926989
2024-03-12,BKR,31.41,31.62,31.12,31.49,7136789
2024-03-13,BKR,31.7,31.95,31.38,31.75,6897851
2024-03-14,BKR,31.76,32.21,31.76,31.94,6947273
2024-03-15,BKR,31.93,32.45,31.92,32.32,15268368
2024-03-18,BKR,32.49,32.54,32.08,32.39,5899359
2024-03-19,BKR,32.41,33.32,32.41,33.22,6548198
2024-03-20,BKR,33.09,33.55,32.96,33.39,7429531
2024-03-21,BKR,33.45,34.13,33.37,33.76,6084540
2024-03-22,BKR,33.81,33.91,33.42,33.44,6636540
2024-03-25,BKR,33.64,33.77,33.24,33.29,10277000
2024-03-26,BKR,33.27,33.35,32.7,32.83,8057566
2024-03-27,BKR,32.68,33.22,32.68,33.09,9346582
2024-03-28,BKR,33.44,33.69,33.12,33.5,13250269
2024-04-01,BKR,33.68,33.68,33.25,33.44,6485226
2024-04-02,BKR,33.71,33.77,33.32,33.59,7867461
2024-04-03,BKR,33.79,34.15,33.7,33.88,7584250
2024-04-04,BKR,33.92,34.32,33.69,33.92,6014059
2024-04-05,BKR,33.88,34.62,33.69,34.31,5151303
2024-04-08,BKR,34.4,34.52,34.15,34.25,4433778
2024-04-09,BKR,34.38,34.51,34.01,34.19,3373022
2024-04-10,BKR,33.89,34.27,33.72,34.15,4281470
2024-04-11,BKR,34.27,34.28,33.53,33.99,3724177
2024-04-12,BKR,34.09,34.22,33.01,33.05,4841066
2024-04-15,BKR,33.23,33.39,32.33,32.45,7537414
2024-04-16,BKR,32.37,32.42,31.93,32.1,5852603
2024-04-17,BKR,32.19,32.55,31.95,32.02,5613693
2024-04-18,BKR,32.1,32.56,32.0,32.2,5714155
2024-04-19,BKR,32.24,32.78,32.12,32.6,7513518
2024-04-22,BKR,32.4,32.75,31.88,32.46,4991558
2024-04-23,BKR,32.23,33.15,32.11,33.0,7404320
2024-04-24,BKR,32.76,33.78,32.33,32.67,11446966
2024-04-25,BKR,32.97,33.45,32.63,33.3,8729851
2024-04-26,BKR,33.11,33.23,32.44,32.84,8318500
2024-04-29,BKR,32.92,33.23,32.68,33.22,5156899
2024-04-30,BKR,33.05,33.1,32.5,32.62,9583203
2024-05-01,BKR,32.65,32.73,31.75,31.89,4941651
2024-05-02,BKR,32.13,32.36,31.76,31.93,5191172
2024-05-03,BKR,31.82,32.07,31.56,31.92,3701570
2024-05-06,BKR,32.11,32.33,31.91,32.0,1278900
2024-05-07,BKR,31.89,32.26,31.88,32.14,3226361
2024-05-08,BKR,31.93,32.48,31.85,31.9,2315128
2024-05-09,BKR,32.04,32.79,32.04,32.78,1491229
2024-05-10,BKR,32.8,32.92,32.22,32.34,1841390
