date,close,high,low,open,symbol,volume,changeOverTime,marketChangeOverTime,uOpen,uClose,uHigh,uLow,uVolume,fOpen,fClose,fHigh,fLow,fVolume,change,changePercent
2023-05-04,26.9,26.98,25.25,25.53,KVUE,77004186,0.0,0.0,25.53,26.9,26.98,25.25,77004186,24.79,26.12,26.2,24.52,77004186,0.0,0.0
2023-05-05,26.5,27.03,26.21,26.66,KVUE,11291975,-0.014869888475836378,-0.014869888475836378,26.66,26.5,27.03,26.21,11291975,25.89,25.73,26.25,25.45,11291975,-0.3999999999999986,-0.0149
2023-05-08,26.51,26.85,25.91,26.33,KVUE,6308269,-0.01449814126394041,-0.01449814126394041,26.33,26.51,26.85,25.91,6308269,25.57,25.74,26.07,25.16,6308269,0.010000000000001563,0.0004
2023-05-09,26.28,26.84,26.07,26.51,KVUE,4684394,-0.023048327137546374,-0.023048327137546374,26.51,26.28,26.84,26.07,4684394,25.74,25.52,26.06,25.32,4684394,-0.23000000000000043,-0.0087
2023-05-10,26.25,26.77,26.01,26.28,KVUE,9602428,-0.02416356877323415,-0.02416356877323415,26.28,26.25,26.77,26.01,9602428,25.52,25.49,26.0,25.26,9602428,-0.030000000000001137,-0.0011
2023-05-11,26.0,26.33,26.0,26.03,KVUE,5687334,-0.03345724907063192,-0.03345724907063192,26.03,26.0,26.33,26.0,5687334,25.28,25.25,25.57,25.25,5687334,-0.25,-0.0095
2023-05-12,26.5,26.62,25.9,26.02,KVUE,5433845,-0.014869888475836378,-0.014869888475836378,26.02,26.5,26.62,25.9,5433845,25.27,25.73,25.85,25.15,5433845,0.5,0.0192
2023-05-15,27.5,27.8,26.5,26.5,KVUE,7083230,0.0223048327137547,0.0223048327137547,26.5,27.5,27.8,26.5,7083230,25.73,26.71,26.99,25.73,7083230,1.0,0.0377
2023-05-16,27.03,27.77,26.99,27.54,KVUE,3820087,0.004832713754646936,0.004832713754646936,27.54,27.03,27.77,26.99,3820087,26.74,26.25,26.97,26.21,3820087,-0.46999999999999886,-0.0171
2023-05-17,27.22,27.7,26.6,27.3,KVUE,3392263,0.011895910780669157,0.011895910780669157,27.3,27.22,27.7,26.6,3392263,26.51,26.43,26.9,25.83,3392263,0.18999999999999773,0.007
2023-05-18,27.04,27.35,26.7,27.22,KVUE,2648060,0.005204460966542772,0.005204460966542772,27.22,27.04,27.35,26.7,2648060,26.43,26.26,26.56,25.93,2648060,-0.17999999999999972,-0.0066
2023-05-19,27.23,27.26,26.69,27.04,KVUE,1794414,0.012267657992565125,0.012267657992565125,27.04,27.23,27.26,26.69,1794414,26.26,26.44,26.47,25.92,1794414,0.19000000000000128,0.007
2023-05-22,26.07,27.43,25.96,27.33,KVUE,7509571,-0.030855018587360533,-0.030855018587360533,27.33,26.07,27.43,25.96,7509571,26.54,25.32,26.64,25.21,7509571,-1.1600000000000001,-0.0426
2023-05-23,26.0,26.26,25.81,26.01,KVUE,2485156,-0.03345724907063192,-0.03345724907063192,26.01,26.0,26.26,25.81,2485156,25.26,25.25,25.5,25.06,2485156,-0.07000000000000028,-0.0027
2023-05-24,26.45,26.55,25.86,26.01,KVUE,1953645,-0.01672862453531596,-0.01672862453531596,26.01,26.45,26.55,25.86,1953645,25.26,25.69,25.78,25.11,1953645,0.4499999999999993,0.0173
2023-05-25,26.33,26.64,25.9,26.5,KVUE,2139387,-0.021189591078066925,-0.021189591078066925,26.5,26.33,26.64,25.9,2139387,25.73,25.57,25.87,25.15,2139387,-0.120000000000001,-0.0045
2023-05-26,26.3,26.43,26.2,26.43,KVUE,844146,-0.02230483271375457,-0.02230483271375457,26.43,26.3,26.43,26.2,844146,25.67,25.54,25.67,25.44,844146,-0.029999999999997584,-0.0011
2023-05-30,25.73,26.5,25.13,26.28,KVUE,6340180,-0.043494423791821495,-0.043494423791821495,26.28,25.73,26.5,25.13,6340180,25.52,24.99,25.73,24.4,6340180,-0.5700000000000003,-0.0217
2023-05-31,25.09,25.62,24.99,25.62,KVUE,6347752,-0.0672862453531598,-0.0672862453531598,25.62,25.09,25.62,24.99,6347752,24.88,24.36,24.88,24.27,6347752,-0.6400000000000006,-0.0249
2023-06-01,25.28,25.64,24.75,25.3,KVUE,6072717,-0.06022304832713746,-0.06022304832713746,25.3,25.28,25.64,24.75,6072717,24.57,24.55,24.9,24.03,6072717,0.19000000000000128,0.0076
2023-06-02,25.55,25.7,24.97,25.26,KVUE,2329438,-0.05018587360594788,-0.05018587360594788,25.26,25.55,25.7,24.97,2329438,24.53,24.81,24.96,24.25,2329438,0.2699999999999996,0.0107
2023-06-05,25.15,25.77,24.83,25.58,KVUE,4737310,-0.06505576208178439,-0.06505576208178439,25.58,25.15,25.77,24.83,4737310,24.84,24.42,25.03,24.11,4737310,-0.40000000000000213,-0.0157
2023-06-06,25.17,25.39,24.9,25.0,KVUE,1315152,-0.06431226765799246,-0.06431226765799246,25.0,25.17,25.39,24.9,1315152,24.28,24.44,24.66,24.18,1315152,0.020000000000003126,0.0008
2023-06-07,25.08,25.25,24.91,25.1,KVUE,1626684,-0.06765799256505578,-0.06765799256505578,25.1,25.08,25.25,24.91,1626684,24.37,24.36,24.53,24.19,1626684,-0.09000000000000341,-0.0036
2023-06-08,25.11,25.16,24.81,24.99,KVUE,2712896,-0.066542750929368,-0.066542750929368,24.99,25.11,25.16,24.81,2712896,24.27,24.38,24.43,24.09,2712896,0.030000000000001137,0.0012
2023-06-09,25.1,25.16,24.85,25.05,KVUE,1874183,-0.06691449814126384,-0.06691449814126384,25.05,25.1,25.16,24.85,1874183,24.33,24.37,24.43,24.13,1874183,-0.00999999999999801,-0.0004
2023-06-12,25.02,25.2,24.75,25.01,KVUE,2619908,-0.0698884758364312,-0.0698884758364312,25.01,25.02,25.2,24.75,2619908,24.29,24.3,24.47,24.03,2619908,-0.08000000000000185,-0.0032
2023-06-13,25.13,25.22,24.96,24.99,KVUE,2039885,-0.06579925650557619,-0.06579925650557619,24.99,25.13,25.22,24.96,2039885,24.27,24.4,24.49,24.24,2039885,0.10999999999999943,0.0044
2023-06-14,25.34,25.49,25.12,25.13,KVUE,2412020,-0.05799256505576204,-0.05799256505576204,25.13,25.34,25.49,25.12,2412020,24.4,24.61,24.75,24.39,2412020,0.21000000000000085,0.0084
2023-06-15,25.75,25.95,25.18,25.4,KVUE,1442937,-0.04275092936802969,-0.04275092936802969,25.4,25.75,25.95,25.18,1442937,24.67,25.01,25.2,24.45,1442937,0.41000000000000014,0.0162
2023-06-16,26.25,26.26,25.7,25.85,KVUE,2333040,-0.02416356877323415,-0.02416356877323415,25.85,26.25,26.26,25.7,2333040,25.1,25.49,25.5,24.96,2333040,0.5,0.0194
2023-06-20,26.06,26.38,25.94,25.95,KVUE,1487482,-0.0312267657992565,-0.0312267657992565,25.95,26.06,26.38,25.94,1487482,25.2,25.31,25.62,25.19,1487482,-0.19000000000000128,-0.0072
2023-06-21,26.2,26.7,25.77,26.19,KVUE,3606079,-0.02602230483271373,-0.02602230483271373,26.19,26.2,26.7,25.77,3606079,25.43,25.44,25.93,25.03,3606079,0.14000000000000057,0.0054
2023-06-22,26.55,26.6,26.2,26.2,KVUE,1130722,-0.0130111524163568,-0.0130111524163568,26.2,26.55,26.6,26.2,1130722,25.44,25.78,25.83,25.44,1130722,0.3500000000000014,0.0134
2023-06-23,26.48,26.74,26.27,26.55,KVUE,2793408,-0.015613382899628185,-0.015613382899628185,26.55,26.48,26.74,26.27,2793408,25.78,25.71,25.97,25.51,2793408,-0.07000000000000028,-0.0026
2023-06-26,26.15,26.6,26.02,26.59,KVUE,2507277,-0.02788104089219331,-0.02788104089219331,26.59,26.15,26.6,26.02,2507277,25.82,25.39,25.83,25.27,2507277,-0.33000000000000185,-0.0125
2023-06-27,25.89,26.07,25.19,26.02,KVUE,2904635,-0.03754646840148692,-0.03754646840148692,26.02,25.89,26.07,25.19,2904635,25.27,25.14,25.32,24.46,2904635,-0.259999999999998,-0.0099
2023-06-28,25.8,26.02,25.67,25.9,KVUE,1807858,-0.04089219330855011,-0.04089219330855011,25.9,25.8,26.02,25.67,1807858,25.15,25.05,25.27,24.93,1807858,-0.08999999999999986,-0.0035
2023-06-29,25.99,26.22,25.71,25.74,KVUE,1353886,-0.03382899628252789,-0.03382899628252789,25.74,25.99,26.22,25.71,1353886,25.0,25.24,25.46,24.97,1353886,0.18999999999999773,0.0074
2023-06-30,26.42,26.66,25.97,26.04,KVUE,3936600,-0.017843866171003604,-0.017843866171003604,26.04,26.42,26.66,25.97,3936600,25.29,25.66,25.89,25.22,3936600,0.43000000000000327,0.0165
2023-07-03,26.04,26.6,25.8,26.31,KVUE,7558590,-0.03197026022304831,-0.03197026022304831,26.31,26.04,26.6,25.8,7558590,25.55,25.29,25.83,25.05,7558590,-0.38000000000000256,-0.0144
2023-07-05,25.7,26.25,25.62,25.91,KVUE,1990827,-0.04460966542750927,-0.04460966542750927,25.91,25.7,26.25,25.62,1990827,25.16,24.96,25.49,24.88,1990827,-0.33999999999999986,-0.0131
2023-07-06,25.62,25.8,25.38,25.55,KVUE,4856965,-0.047583643122676496,-0.047583643122676496,25.55,25.62,25.8,25.38,4856965,24.81,24.88,25.06,24.65,4856965,-0.0799999999999983,-0.0031
2023-07-07,25.22,25.65,25.21,25.62,KVUE,1793704,-0.062453531598513,-0.062453531598513,25.62,25.22,25.65,25.21,1793704,24.88,24.49,24.91,24.48,1793704,-0.40000000000000213,-0.0156
2023-07-10,25.25,25.52,25.1,25.31,KVUE,2121159,-0.061338289962825226,-0.061338289962825226,25.31,25.25,25.52,25.1,2121159,24.58,24.52,24.79,24.37,2121159,0.030000000000001137,0.0012
2023-07-11,25.08,25.55,25.0,25.48,KVUE,1942721,-0.06765799256505578,-0.06765799256505578,25.48,25.08,25.55,25.0,1942721,24.74,24.36,24.81,24.28,1942721,-0.1700000000000017,-0.0067
2023-07-12,25.25,25.37,24.96,25.27,KVUE,2320852,-0.061338289962825226,-0.061338289962825226,25.27,25.25,25.37,24.96,2320852,24.54,24.52,24.64,24.24,2320852,0.1700000000000017,0.0068
2023-07-13,25.4,25.5,24.88,25.42,KVUE,2477990,-0.05576208178438662,-0.05576208178438662,25.42,25.4,25.5,24.88,2477990,24.69,24.67,24.76,24.16,2477990,0.14999999999999858,0.0059
2023-07-14,24.94,25.61,24.72,25.53,KVUE,3830357,-0.07286245353159841,-0.07286245353159841,25.53,24.94,25.61,24.72,3830357,24.79,24.22,24.87,24.01,3830357,-0.4599999999999973,-0.0181
2023-07-17,24.89,25.06,24.74,24.9,KVUE,1709357,-0.074721189591078,-0.074721189591078,24.9,24.89,25.06,24.74,1709357,24.18,24.17,24.34,24.03,1709357,-0.05000000000000071,-0.002
2023-07-18,24.81,25.03,24.75,24.75,KVUE,1713515,-0.07769516728624536,-0.07769516728624536,24.75,24.81,25.03,24.75,1713515,24.03,24.09,24.31,24.03,1713515,-0.08000000000000185,-0.0032
2023-07-19,25.0,25.04,24.5,24.88,KVUE,2870757,-0.070631970260223,-0.070631970260223,24.88,25.0,25.04,24.5,2870757,24.16,24.28,24.32,23.79,2870757,0.19000000000000128,0.0077
2023-07-20,24.51,24.62,22.49,23.95,KVUE,36675606,-0.08884758364312258,-0.08884758364312258,23.95,24.51,24.62,22.49,36675606,23.26,23.8,23.9,21.84,36675606,-0.48999999999999844,-0.0196
2023-07-21,24.01,24.88,23.78,24.65,KVUE,14587910,-0.1074349442379181,-0.1074349442379181,24.65,24.01,24.88,23.78,14587910,23.94,23.32,24.16,23.09,14587910,-0.5,-0.0204
2023-07-24,24.16,24.41,23.12,23.17,KVUE,22641618,-0.1018587360594795,-0.1018587360594795,23.17,24.16,24.41,23.12,22641618,22.5,23.46,23.7,22.45,22641618,0.14999999999999858,0.0062
2023-07-25,25.12,25.12,24.15,24.34,KVUE,15018140,-0.06617100371747203,-0.06617100371747203,24.34,25.12,25.12,24.15,15018140,23.64,24.39,24.39,23.45,15018140,0.9600000000000009,0.0397
2023-07-26,24.69,25.23,24.29,25.09,KVUE,10716442,-0.08215613382899618,-0.08215613382899618,25.09,24.69,25.23,24.29,10716442,24.36,23.98,24.5,23.58,10716442,-0.4299999999999997,-0.0171
2023-07-27,24.24,25.0,23.96,24.95,KVUE,11476343,-0.09888475836431228,-0.09888475836431228,24.95,24.24,25.0,23.96,11476343,24.23,23.54,24.28,23.27,11476343,-0.45000000000000284,-0.0182
2023-07-28,24.4,24.43,24.05,24.23,KVUE,13217823,-0.0929368029739777,-0.0929368029739777,24.23,24.4,24.43,24.05,13217823,23.53,23.69,23.72,23.35,13217823,0.16000000000000014,0.0066
2023-07-31,23.68,24.08,23.5,24.01,KVUE,14634905,-0.11970260223048323,-0.11970260223048323,24.01,23.68,24.08,23.5,14634905,23.32,23.0,23.38,22.82,14634905,-0.7199999999999989,-0.0295
2023-08-01,23.65,23.77,23.38,23.51,KVUE,14687140,-0.120817843866171,-0.120817843866171,23.51,23.65,23.77,23.38,14687140,22.83,22.97,23.08,22.7,14687140,-0.030000000000001137,-0.0013
2023-08-02,23.9,23.92,23.37,23.55,KVUE,16233758,-0.11152416356877325,-0.11152416356877325,23.55,23.9,23.92,23.37,16233758,22.87,23.21,23.23,22.69,16233758,0.25,0.0106
2023-08-03,23.99,24.43,23.75,24.03,KVUE,16110957,-0.10817843866171005,-0.10817843866171005,24.03,23.99,24.43,23.75,16110957,23.34,23.3,23.73,23.06,16110957,0.08999999999999986,0.0038
2023-08-04,23.53,24.02,23.27,24.02,KVUE,20999546,-0.12527881040892183,-0.12527881040892183,24.02,23.53,24.02,23.27,20999546,23.33,22.85,23.33,22.6,20999546,-0.4599999999999973,-0.0192
2023-08-07,23.54,23.68,23.32,23.67,KVUE,15379083,-0.124907063197026,-0.124907063197026,23.67,23.54,23.68,23.32,15379083,22.99,22.86,22.99,22.65,15379083,0.00999999999999801,0.0004
2023-08-08,23.38,23.55,23.21,23.55,KVUE,20150645,-0.1308550185873606,-0.1308550185873606,23.55,23.38,23.55,23.21,20150645,22.87,22.7,22.87,22.54,20150645,-0.16000000000000014,-0.0068
2023-08-09,23.35,23.44,23.06,23.3,KVUE,40849128,-0.13197026022304822,-0.13197026022304822,23.3,23.35,23.44,23.06,40849128,22.63,22.68,22.76,22.39,40849128,-0.029999999999997584,-0.0013
2023-08-10,23.37,23.89,23.11,23.75,KVUE,51365453,-0.13122676579925643,-0.13122676579925643,23.75,23.37,23.89,23.11,51365453,23.06,22.69,23.2,22.44,51365453,0.019999999999999574,0.0009
2023-08-11,23.72,23.8,23.25,23.3,KVUE,46063248,-0.11821561338289963,-0.11821561338289963,23.3,23.72,23.8,23.25,46063248,22.63,23.03,23.11,22.58,46063248,0.34999999999999787,0.015
2023-08-14,22.94,23.7,22.85,23.6,KVUE,89481198,-0.14721189591078057,-0.14721189591078057,23.6,22.94,23.7,22.85,89481198,22.92,22.28,23.02,22.19,89481198,-0.7799999999999976,-0.0329
2023-08-15,23.26,23.77,22.64,22.92,KVUE,105996543,-0.13531598513011142,-0.13531598513011142,22.92,23.26,23.77,22.64,105996543,22.26,22.59,23.08,21.99,105996543,0.3200000000000003,0.0139
2023-08-16,22.93,23.55,22.81,23.49,KVUE,86179183,-0.14758364312267655,-0.14758364312267655,23.49,22.93,23.55,22.81,86179183,22.81,22.27,22.87,22.15,86179183,-0.33000000000000185,-0.0142
2023-08-17,22.78,23.29,22.55,23.12,KVUE,71709344,-0.15315985130111515,-0.15315985130111515,23.12,22.78,23.29,22.55,71709344,22.45,22.12,22.62,21.9,71709344,-0.14999999999999858,-0.0065
2023-08-18,22.87,23.0,22.36,22.96,KVUE,93537450,-0.14981412639405195,-0.14981412639405195,22.96,22.87,23.0,22.36,93537450,22.3,22.21,22.34,21.71,93537450,0.08999999999999986,0.004
2023-08-21,22.9,23.69,22.81,23.17,KVUE,178017494,-0.14869888475836432,-0.14869888475836432,23.17,22.9,23.69,22.81,178017494,22.5,22.24,23.01,22.15,178017494,0.029999999999997584,0.0013
2023-08-22,23.74,23.82,23.12,23.24,KVUE,90558773,-0.11747211895910782,-0.11747211895910782,23.24,23.74,23.82,23.12,90558773,22.57,23.05,23.13,22.45,90558773,0.8399999999999999,0.0367
2023-08-23,23.62,24.05,23.62,23.85,KVUE,119406822,-0.12193308550185865,-0.12193308550185865,23.85,23.62,24.05,23.62,119406822,23.16,22.94,23.35,22.94,119406822,-0.11999999999999744,-0.0051
2023-08-24,23.66,24.1,23.14,23.96,KVUE,372341273,-0.12044609665427504,-0.12044609665427504,23.96,23.66,24.1,23.14,372341273,23.27,22.98,23.4,22.47,372341273,0.03999999999999915,0.0017
2023-08-25,22.97,23.29,22.82,23.2,KVUE,86974649,-0.14609665427509294,-0.14609665427509294,23.2,22.97,23.29,22.82,86974649,22.72,22.5,22.81,22.35,86974649,-0.6900000000000013,-0.0292
2023-08-28,22.97,23.2,22.61,22.92,KVUE,39394971,-0.14609665427509294,-0.14609665427509294,22.92,22.97,23.2,22.61,39394971,22.45,22.5,22.72,22.14,39394971,0.0,0.0
2023-08-29,22.86,23.13,22.57,22.73,KVUE,59445836,-0.15018587360594793,-0.15018587360594793,22.73,22.86,23.13,22.57,59445836,22.26,22.39,22.65,22.11,59445836,-0.10999999999999943,-0.0048
2023-08-30,23.07,23.14,22.65,22.84,KVUE,36093979,-0.14237918215613377,-0.14237918215613377,22.84,23.07,23.14,22.65,36093979,22.37,22.59,22.66,22.18,36093979,0.21000000000000085,0.0092
2023-08-31,23.05,23.33,23.01,23.09,KVUE,36119737,-0.14312267657992558,-0.14312267657992558,23.09,23.05,23.33,23.01,36119737,22.61,22.58,22.85,22.54,36119737,-0.019999999999999574,-0.0009
2023-09-01,22.96,23.33,22.87,23.2,KVUE,27566397,-0.14646840148698878,-0.14646840148698878,23.2,22.96,23.33,22.87,27566397,22.72,22.49,22.85,22.4,27566397,-0.08999999999999986,-0.0039
2023-09-05,22.61,22.98,22.59,22.92,KVUE,28465015,-0.1594795539033457,-0.1594795539033457,22.92,22.61,22.98,22.59,28465015,22.45,22.14,22.51,22.12,28465015,-0.3500000000000014,-0.0152
2023-09-06,22.38,22.71,22.3,22.66,KVUE,24727734,-0.16802973977695165,-0.16802973977695165,22.66,22.38,22.71,22.3,24727734,22.19,21.92,22.24,21.84,24727734,-0.23000000000000043,-0.0102
2023-09-07,20.99,22.58,20.96,22.44,KVUE,102648329,-0.2197026022304833,-0.2197026022304833,22.44,20.99,22.58,20.96,102648329,21.98,20.56,22.11,20.53,102648329,-1.3900000000000006,-0.0621
2023-09-08,21.3,21.43,20.38,20.86,KVUE,59636110,-0.20817843866170996,-0.20817843866170996,20.86,21.3,21.43,20.38,59636110,20.43,20.86,20.99,19.96,59636110,0.3100000000000023,0.0148
2023-09-11,22.07,22.18,21.6,22.13,KVUE,42830617,-0.17955390334572485,-0.17955390334572485,22.13,22.07,22.18,21.6,42830617,21.67,21.62,21.72,21.16,42830617,0.7699999999999996,0.0362
2023-09-12,21.06,22.12,21.01,22.08,KVUE,43697182,-0.2171003717472119,-0.2171003717472119,22.08,21.06,22.12,21.01,43697182,21.63,20.63,21.66,20.58,43697182,-1.0100000000000016,-0.0458
2023-09-13,21.6,21.91,21.08,21.09,KVUE,35434531,-0.19702602230483263,-0.19702602230483263,21.09,21.6,21.91,21.08,35434531,20.66,21.16,21.46,20.65,35434531,0.5400000000000027,0.0256
2023-09-14,21.74,21.83,21.5,21.83,KVUE,22195675,-0.19182156133828998,-0.19182156133828998,21.83,21.74,21.83,21.5,22195675,21.38,21.29,21.38,21.05,22195675,0.13999999999999702,0.0065
2023-09-15,21.22,21.87,21.2,21.72,KVUE,32265181,-0.21115241635687731,-0.21115241635687731,21.72,21.22,21.87,21.2,32265181,21.27,20.78,21.42,20.76,32265181,-0.5199999999999996,-0.0239
2023-09-18,21.08,21.35,20.83,21.35,KVUE,18035266,-0.2163568773234201,-0.2163568773234201,21.35,21.08,21.35,20.83,18035266,20.91,20.65,20.91,20.4,18035266,-0.14000000000000057,-0.0066
2023-09-19,21.06,21.1,20.69,20.91,KVUE,21146004,-0.2171003717472119,-0.2171003717472119,20.91,21.06,21.1,20.69,21146004,20.48,20.63,20.67,20.26,21146004,-0.019999999999999574,-0.0009
2023-09-20,20.89,21.4,20.88,21.25,KVUE,15624589,-0.2234200743494423,-0.2234200743494423,21.25,20.89,21.4,20.88,15624589,20.81,20.46,20.96,20.45,15624589,-0.16999999999999815,-0.0081
2023-09-21,20.84,21.26,20.71,20.92,KVUE,20602784,-0.2252788104089219,-0.2252788104089219,20.92,20.84,21.26,20.71,20602784,20.49,20.41,20.82,20.28,20602784,-0.05000000000000071,-0.0024
2023-09-22,20.55,21.02,20.5,20.95,KVUE,14866415,-0.23605947955390327,-0.23605947955390327,20.95,20.55,21.02,20.5,14866415,20.52,20.13,20.59,20.08,14866415,-0.28999999999999915,-0.0139
2023-09-25,20.83,20.85,20.47,20.51,KVUE,16272155,-0.22565055762081787,-0.22565055762081787,20.51,20.83,20.85,20.47,16272155,20.09,20.4,20.42,20.05,16272155,0.2799999999999976,0.0136
2023-09-26,20.64,20.85,20.48,20.59,KVUE,23574250,-0.23271375464684008,-0.23271375464684008,20.59,20.64,20.85,20.48,23574250,20.17,20.21,20.42,20.06,23574250,-0.18999999999999773,-0.0091
2023-09-27,20.22,20.8,20.04,20.71,KVUE,25270473,-0.2483271375464684,-0.2483271375464684,20.71,20.22,20.8,20.04,25270473,20.28,19.8,20.37,19.63,25270473,-0.4200000000000017,-0.0203
2023-09-28,20.11,20.28,19.95,20.12,KVUE,32556751,-0.2524163568773234,-0.2524163568773234,20.12,20.11,20.28,19.95,32556751,19.71,19.7,19.86,19.54,32556751,-0.10999999999999943,-0.0054
2023-09-29,20.08,20.32,20.02,20.27,KVUE,27974934,-0.25353159851301116,-0.25353159851301116,20.27,20.08,20.32,20.02,27974934,19.85,19.67,19.91,19.61,27974934,-0.030000000000001137,-0.0015
2023-10-02,20.32,20.48,20.14,20.24,KVUE,25296058,-0.24460966542750925,-0.24460966542750925,20.24,20.32,20.48,20.14,25296058,19.82,19.9,20.06,19.72,25296058,0.240000000000002,0.012
2023-10-03,19.99,20.59,19.91,20.39,KVUE,24924452,-0.25687732342007435,-0.25687732342007435,20.39,19.99,20.59,19.91,24924452,19.97,19.58,20.17,19.5,24924452,-0.33000000000000185,-0.0162
2023-10-04,19.73,19.99,19.55,19.92,KVUE,19610513,-0.26654275092936797,-0.26654275092936797,19.92,19.73,19.99,19.55,19610513,19.51,19.32,19.58,19.15,19610513,-0.259999999999998,-0.013
2023-10-05,19.76,19.91,19.58,19.81,KVUE,18014860,-0.2654275092936802,-0.2654275092936802,19.81,19.76,19.91,19.58,18014860,19.4,19.35,19.49,19.18,18014860,0.030000000000001137,0.0015
2023-10-06,20.07,20.26,19.39,19.67,KVUE,25090299,-0.253903345724907,-0.253903345724907,19.67,20.07,20.26,19.39,25090299,19.26,19.66,19.84,18.99,25090299,0.3099999999999987,0.0157
2023-10-09,19.87,20.13,19.67,19.87,KVUE,16032818,-0.2613382899628252,-0.2613382899628252,19.87,19.87,20.13,19.67,16032818,19.46,19.46,19.71,19.26,16032818,-0.1999999999999993,-0.01
2023-10-10,19.69,20.08,19.63,19.92,KVUE,13937911,-0.2680297397769516,-0.2680297397769516,19.92,19.69,20.08,19.63,13937911,19.51,19.28,19.67,19.23,13937911,-0.17999999999999972,-0.0091
2023-10-11,19.57,19.88,19.36,19.83,KVUE,20414732,-0.27249070631970257,-0.27249070631970257,19.83,19.57,19.88,19.36,20414732,19.42,19.17,19.47,18.96,20414732,-0.120000000000001,-0.0061
2023-10-12,19.32,19.72,19.23,19.6,KVUE,14461536,-0.2817843866171003,-0.2817843866171003,19.6,19.32,19.72,19.23,14461536,19.2,18.92,19.31,18.84,14461536,-0.25,-0.0128
2023-10-13,19.37,19.49,19.25,19.38,KVUE,16411302,-0.27992565055762075,-0.27992565055762075,19.38,19.37,19.49,19.25,16411302,18.98,18.97,19.09,18.85,16411302,0.05000000000000071,0.0026
2023-10-16,19.54,19.72,19.09,19.37,KVUE,15271968,-0.27360594795539034,-0.27360594795539034,19.37,19.54,19.72,19.09,15271968,18.97,19.14,19.31,18.7,15271968,0.16999999999999815,0.0088
2023-10-17,19.78,19.9,19.01,19.29,KVUE,18750323,-0.2646840148698884,-0.2646840148698884,19.29,19.78,19.9,19.01,18750323,18.89,19.37,19.49,18.62,18750323,0.240000000000002,0.0123
2023-10-18,20.06,20.08,19.69,19.79,KVUE,18294344,-0.254275092936803,-0.254275092936803,19.79,20.06,20.08,19.69,18294344,19.38,19.65,19.67,19.28,18294344,0.2799999999999976,0.0142
2023-10-19,19.84,20.21,19.82,20.05,KVUE,18831507,-0.262453531598513,-0.262453531598513,20.05,19.84,20.21,19.82,18831507,19.64,19.43,19.79,19.41,18831507,-0.21999999999999886,-0.011
2023-10-20,19.74,20.03,19.72,19.87,KVUE,24057652,-0.26617100371747215,-0.26617100371747215,19.87,19.74,20.03,19.72,24057652,19.46,19.33,19.62,19.31,24057652,-0.10000000000000142,-0.005
2023-10-23,19.68,19.8,19.43,19.52,KVUE,19716498,-0.2684014869888476,-0.2684014869888476,19.52,19.68,19.8,19.43,19716498,19.12,19.27,19.4,19.02,19716498,-0.05999999999999872,-0.003
2023-10-24,19.98,20.0,19.65,19.68,KVUE,21650931,-0.2572490706319702,-0.2572490706319702,19.68,19.98,20.0,19.65,21650931,19.27,19.57,19.59,19.25,21650931,0.3000000000000007,0.0152
2023-10-25,19.73,20.12,19.72,20.0,KVUE,24711170,-0.26654275092936797,-0.26654275092936797,20.0,19.73,20.12,19.72,24711170,19.59,19.32,19.7,19.31,24711170,-0.25,-0.0125
2023-10-26,18.69,19.13,18.5,18.85,KVUE,60514869,-0.3052044609665427,-0.3052044609665427,18.85,18.69,19.13,18.5,60514869,18.46,18.3,18.74,18.12,60514869,-1.0399999999999991,-0.0527
2023-10-27,18.21,18.71,18.09,18.61,KVUE,43215557,-0.3230483271375464,-0.3230483271375464,18.61,18.21,18.71,18.09,43215557,18.22,17.83,18.32,17.71,43215557,-0.4800000000000004,-0.0257
2023-10-30,18.64,18.88,17.82,18.34,KVUE,39398768,-0.30706319702602225,-0.30706319702602225,18.34,18.64,18.88,17.82,39398768,17.96,18.26,18.49,17.45,39398768,0.4299999999999997,0.0236
2023-10-31,18.6,18.88,18.5,18.81,KVUE,81622563,-0.30855018587360583,-0.30855018587360583,18.81,18.6,18.88,18.5,81622563,18.42,18.22,18.49,18.12,81622563,-0.03999999999999915,-0.0021
2023-11-01,18.88,18.9,18.41,18.58,KVUE,20218187,-0.29814126394052043,-0.29814126394052043,18.58,18.88,18.9,18.41,20218187,18.2,18.49,18.51,18.03,20218187,0.2799999999999976,0.0151
2023-11-02,19.23,19.25,18.78,19.0,KVUE,15439040,-0.2851301115241635,-0.2851301115241635,19.0,19.23,19.25,18.78,15439040,18.61,18.83,18.85,18.39,15439040,0.3500000000000014,0.0185
2023-11-03,19.37,19.71,19.3,19.49,KVUE,16874271,-0.27992565055762075,-0.27992565055762075,19.49,19.37,19.71,19.3,16874271,19.09,18.97,19.3,18.9,16874271,0.14000000000000057,0.0073
2023-11-06,19.35,19.54,19.24,19.46,KVUE,13242046,-0.28066914498141254,-0.28066914498141254,19.46,19.35,19.54,19.24,13242046,19.06,18.95,19.14,18.84,13242046,-0.019999999999999574,-0.001
2023-11-07,19.6,19.61,19.19,19.22,KVUE,12172557,-0.2713754646840148,-0.2713754646840148,19.22,19.6,19.61,19.19,12172557,18.82,19.2,19.21,18.79,12172557,0.25,0.0129
2023-11-08,19.16,19.7,19.11,19.56,KVUE,13552103,-0.2877323420074349,-0.2877323420074349,19.56,19.16,19.7,19.11,13552103,19.16,18.77,19.3,18.72,13552103,-0.4400000000000013,-0.0224
2023-11-09,19.22,19.3,19.04,19.28,KVUE,10423424,-0.2855018587360595,-0.2855018587360595,19.28,19.22,19.3,19.04,10423424,18.88,18.82,18.9,18.65,10423424,0.05999999999999872,0.0031
2023-11-10,19.15,19.32,19.09,19.25,KVUE,14475660,-0.2881040892193309,-0.2881040892193309,19.25,19.15,19.32,19.09,14475660,18.85,18.76,18.92,18.7,14475660,-0.07000000000000028,-0.0036
2023-11-13,19.1,19.19,19.0,19.15,KVUE,14283871,-0.28996282527881034,-0.28996282527881034,19.15,19.1,19.19,19.0,14283871,18.76,18.71,18.79,18.6,14283871,-0.04999999999999716,-0.0026
2023-11-14,19.41,19.6,19.12,19.24,KVUE,16003870,-0.2784386617100371,-0.2784386617100371,19.24,19.41,19.6,19.12,16003870,18.84,19.01,19.2,18.73,16003870,0.3099999999999987,0.0162
2023-11-15,19.6,19.77,19.49,19.59,KVUE,16026467,-0.2713754646840148,-0.2713754646840148,19.59,19.6,19.77,19.49,16026467,19.19,19.2,19.36,19.09,16026467,0.19000000000000128,0.0098
2023-11-16,19.61,19.64,19.47,19.56,KVUE,12664990,-0.27100371747211893,-0.27100371747211893,19.56,19.61,19.64,19.47,12664990,19.16,19.21,19.24,19.07,12664990,0.00999999999999801,0.0005
2023-11-17,19.68,19.81,19.48,19.56,KVUE,12840938,-0.2684014869888476,-0.2684014869888476,19.56,19.68,19.81,19.48,12840938,19.16,19.27,19.4,19.08,12840938,0.07000000000000028,0.0036
2023-11-20,19.75,19.88,19.46,19.71,KVUE,18248806,-0.2657992565055762,-0.2657992565055762,19.71,19.75,19.88,19.46,18248806,19.3,19.34,19.47,19.06,18248806,0.07000000000000028,0.0036
2023-11-21,19.9,20.04,19.72,19.74,KVUE,17663032,-0.26022304832713755,-0.26022304832713755,19.74,19.9,20.04,19.72,17663032,19.33,19.49,19.63,19.31,17663032,0.14999999999999858,0.0076
2023-11-22,20.04,20.31,19.97,20.0,KVUE,21324353,-0.2550185873605948,-0.2550185873605948,20.0,20.04,20.31,19.97,21324353,19.59,19.63,19.89,19.56,21324353,0.14000000000000057,0.007
2023-11-24,20.25,20.5,20.12,20.12,KVUE,12663678,-0.24721189591078063,-0.24721189591078063,20.12,20.25,20.5,20.12,12663678,19.71,19.83,20.07,19.71,12663678,0.21000000000000085,0.0105
2023-11-27,20.16,20.27,20.01,20.19,KVUE,32839917,-0.25055762081784383,-0.25055762081784383,20.19,20.16,20.27,20.01,32839917,19.77,19.74,19.85,19.6,32839917,-0.08999999999999986,-0.0044
2023-11-28,20.16,20.25,20.08,20.15,KVUE,19154521,-0.25055762081784383,-0.25055762081784383,20.15,20.16,20.25,20.08,19154521,19.73,19.74,19.83,19.67,19154521,0.0,0.0
2023-11-29,20.08,20.36,20.06,20.23,KVUE,13457492,-0.25353159851301116,-0.25353159851301116,20.23,20.08,20.36,20.06,13457492,19.81,19.67,19.94,19.65,13457492,-0.08000000000000185,-0.004
2023-11-30,20.44,20.46,20.04,20.22,KVUE,47302832,-0.2401486988847583,-0.2401486988847583,20.22,20.44,20.46,20.04,47302832,19.8,20.02,20.04,19.63,47302832,0.360000000000003,0.0179
2023-12-01,20.69,20.79,20.31,20.31,KVUE,17798785,-0.23085501858736052,-0.23085501858736052,20.31,20.69,20.79,20.31,17798785,19.89,20.26,20.36,19.89,17798785,0.25,0.0122
2023-12-04,20.62,20.85,20.5,20.62,KVUE,22516193,-0.2334572490706319,-0.2334572490706319,20.62,20.62,20.85,20.5,22516193,20.2,20.2,20.42,20.08,22516193,-0.07000000000000028,-0.0034
2023-12-05,20.17,20.65,20.16,20.59,KVUE,19199057,-0.25018587360594785,-0.25018587360594785,20.59,20.17,20.65,20.16,19199057,20.17,19.75,20.22,19.74,19199057,-0.4499999999999993,-0.0218
2023-12-06,19.39,20.25,19.22,20.22,KVUE,37456398,-0.27918215613382896,-0.27918215613382896,20.22,19.39,20.25,19.22,37456398,19.8,18.99,19.83,18.82,37456398,-0.7800000000000011,-0.0387
2023-12-07,20.81,21.39,19.5,19.59,KVUE,60070763,-0.22639405204460966,-0.22639405204460966,19.59,20.81,21.39,19.5,60070763,19.19,20.38,20.95,19.1,60070763,1.4199999999999982,0.0732
2023-12-08,20.61,21.0,20.6,20.88,KVUE,24535970,-0.23382899628252787,-0.23382899628252787,20.88,20.61,21.0,20.6,24535970,20.45,20.19,20.57,20.18,24535970,-0.1999999999999993,-0.0096
2023-12-11,20.59,20.72,20.3,20.5,KVUE,18094959,-0.23457249070631966,-0.23457249070631966,20.5,20.59,20.72,20.3,18094959,20.08,20.17,20.29,19.88,18094959,-0.019999999999999574,-0.001
2023-12-12,20.75,20.91,20.37,20.66,KVUE,17754963,-0.2286245353159851,-0.2286245353159851,20.66,20.75,20.91,20.37,17754963,20.23,20.32,20.48,19.95,17754963,0.16000000000000014,0.0078
2023-12-13,21.04,21.04,20.52,20.84,KVUE,19393509,-0.2178438661710037,-0.2178438661710037,20.84,21.04,21.04,20.52,19393509,20.41,20.61,20.61,20.09,19393509,0.28999999999999915,0.014
2023-12-14,21.06,21.26,20.83,21.13,KVUE,19302401,-0.2171003717472119,-0.2171003717472119,21.13,21.06,21.26,20.83,19302401,20.69,20.63,20.82,20.4,19302401,0.019999999999999574,0.001
2023-12-15,20.99,21.06,20.78,20.87,KVUE,38178525,-0.2197026022304833,-0.2197026022304833,20.87,20.99,21.06,20.78,38178525,20.44,20.56,20.63,20.35,38178525,-0.07000000000000028,-0.0033
2023-12-18,21.01,21.13,20.88,21.1,KVUE,16832851,-0.21895910780669134,-0.21895910780669134,21.1,21.01,21.13,20.88,16832851,20.67,20.58,20.69,20.45,16832851,0.020000000000003126,0.001
2023-12-19,21.47,22.3,21.23,22.25,KVUE,50883826,-0.20185873605947954,-0.20185873605947954,22.25,21.47,22.3,21.23,50883826,21.79,21.03,21.85,20.8,50883826,0.4599999999999973,0.0219
2023-12-20,20.95,21.68,20.89,21.39,KVUE,24956734,-0.2211895910780669,-0.2211895910780669,21.39,20.95,21.68,20.89,24956734,20.95,20.52,21.23,20.46,24956734,-0.5199999999999996,-0.0242
2023-12-21,21.22,21.24,20.92,21.05,KVUE,14647236,-0.21115241635687731,-0.21115241635687731,21.05,21.22,21.24,20.92,14647236,20.62,20.78,20.8,20.49,14647236,0.2699999999999996,0.0129
2023-12-22,21.36,21.42,21.21,21.25,KVUE,9577745,-0.20594795539033456,-0.20594795539033456,21.25,21.36,21.42,21.21,9577745,20.81,20.92,20.98,20.77,9577745,0.14000000000000057,0.0066
2023-12-26,21.29,21.39,21.14,21.25,KVUE,8128632,-0.20855018587360594,-0.20855018587360594,21.25,21.29,21.39,21.14,8128632,20.81,20.85,20.95,20.7,8128632,-0.07000000000000028,-0.0033
2023-12-27,21.55,21.55,21.26,21.27,KVUE,10852622,-0.1988847583643122,-0.1988847583643122,21.27,21.55,21.55,21.26,10852622,20.83,21.11,21.11,20.82,10852622,0.26000000000000156,0.0122
2023-12-28,21.47,21.65,21.39,21.52,KVUE,8147094,-0.20185873605947954,-0.20185873605947954,21.52,21.47,21.65,21.39,8147094,21.08,21.03,21.2,20.95,8147094,-0.08000000000000185,-0.0037
2023-12-29,21.53,21.56,21.33,21.41,KVUE,9359235,-0.199628252788104,-0.199628252788104,21.41,21.53,21.56,21.33,9359235,20.97,21.09,21.12,20.89,9359235,0.060000000000002274,0.0028
2024-01-02,21.57,21.86,21.42,21.45,KVUE,35216192,-0.1981412639405204,-0.1981412639405204,21.45,21.57,21.86,21.42,35216192,21.01,21.13,21.4,20.98,35216192,0.03999999999999915,0.0019
2024-01-03,21.27,21.6,21.18,21.42,KVUE,18892550,-0.20929368029739776,-0.20929368029739776,21.42,21.27,21.6,21.18,18892550,20.98,20.83,21.16,20.75,18892550,-0.3000000000000007,-0.0139
2024-01-04,20.9,21.39,20.89,21.29,KVUE,16729020,-0.2230483271375465,-0.2230483271375465,21.29,20.9,21.39,20.89,16729020,20.85,20.47,20.94,20.46,16729020,-0.370000000000001,-0.0174
2024-01-05,21.35,21.41,20.94,21.0,KVUE,24854106,-0.2063197026022304,-0.2063197026022304,21.0,21.35,21.41,20.94,24854106,20.57,20.91,20.97,20.51,24854106,0.45000000000000284,0.0215
2024-01-08,21.63,21.65,21.25,21.25,KVUE,14321011,-0.19591078066914497,-0.19591078066914497,21.25,21.63,21.65,21.25,14321011,20.81,21.18,21.2,20.81,14321011,0.2799999999999976,0.0131
2024-01-09,21.85,21.86,21.52,21.52,KVUE,18106315,-0.18773234200743485,-0.18773234200743485,21.52,21.85,21.86,21.52,18106315,21.08,21.4,21.41,21.08,18106315,0.22000000000000242,0.0102
2024-01-10,21.77,21.9,21.55,21.8,KVUE,17926077,-0.1907063197026022,-0.1907063197026022,21.8,21.77,21.9,21.55,17926077,21.35,21.32,21.45,21.11,17926077,-0.08000000000000185,-0.0037
2024-01-11,21.93,21.94,21.46,21.69,KVUE,16607593,-0.18475836431226764,-0.18475836431226764,21.69,21.93,21.94,21.46,16607593,21.24,21.48,21.49,21.02,16607593,0.16000000000000014,0.0073
2024-01-12,21.51,22.04,21.44,22.0,KVUE,16986452,-0.20037174721189582,-0.20037174721189582,22.0,21.51,22.04,21.44,16986452,21.55,21.07,21.59,21.0,16986452,-0.41999999999999815,-0.0192
2024-01-16,21.23,21.5,21.08,21.43,KVUE,12962433,-0.21078066914498136,-0.21078066914498136,21.43,21.23,21.5,21.08,12962433,20.99,20.79,21.05,20.65,12962433,-0.28000000000000114,-0.013
2024-01-17,20.98,21.25,20.93,21.06,KVUE,14488852,-0.22007434944237914,-0.22007434944237914,21.06,20.98,21.25,20.93,14488852,20.63,20.55,20.81,20.49,14488852,-0.25,-0.0118
2024-01-18,20.94,21.01,20.73,20.89,KVUE,9154624,-0.22156133828996274,-0.22156133828996274,20.89,20.94,21.01,20.73,9154624,20.46,20.51,20.58,20.3,9154624,-0.03999999999999915,-0.0019
2024-01-19,20.71,20.95,20.53,20.95,KVUE,15841766,-0.2301115241635687,-0.2301115241635687,20.95,20.71,20.95,20.53,15841766,20.52,20.28,20.52,20.11,15841766,-0.23000000000000043,-0.011
2024-01-22,20.44,20.69,20.28,20.52,KVUE,20041562,-0.2401486988847583,-0.2401486988847583,20.52,20.44,20.69,20.28,20041562,20.1,20.02,20.26,19.86,20041562,-0.2699999999999996,-0.013
2024-01-23,20.91,20.98,20.56,20.59,KVUE,16013164,-0.22267657992565051,-0.22267657992565051,20.59,20.91,20.98,20.56,16013164,20.17,20.48,20.55,20.14,16013164,0.46999999999999886,0.023
2024-01-24,20.43,20.98,20.41,20.87,KVUE,12345257,-0.24052044609665424,-0.24052044609665424,20.87,20.43,20.98,20.41,12345257,20.44,20.01,20.54,19.99,12345257,-0.4800000000000004,-0.023
2024-01-25,20.75,20.79,20.44,20.6,KVUE,12613713,-0.2286245353159851,-0.2286245353159851,20.6,20.75,20.79,20.44,12613713,20.18,20.32,20.36,20.02,12613713,0.3200000000000003,0.0157
2024-01-26,20.84,20.99,20.79,20.89,KVUE,14121370,-0.2252788104089219,-0.2252788104089219,20.89,20.84,20.99,20.79,14121370,20.46,20.41,20.56,20.36,14121370,0.08999999999999986,0.0043
2024-01-29,21.04,21.11,20.82,20.84,KVUE,10817159,-0.2178438661710037,-0.2178438661710037,20.84,21.04,21.11,20.82,10817159,20.41,20.61,20.68,20.39,10817159,0.1999999999999993,0.0096
2024-01-30,20.87,20.98,20.71,20.95,KVUE,10593626,-0.22416356877323412,-0.22416356877323412,20.95,20.87,20.98,20.71,10593626,20.52,20.44,20.55,20.29,10593626,-0.16999999999999815,-0.0081
2024-01-31,20.76,20.96,20.73,20.95,KVUE,13225751,-0.2282527881040891,-0.2282527881040891,20.95,20.76,20.96,20.73,13225751,20.52,20.33,20.53,20.3,13225751,-0.10999999999999943,-0.0053
2024-02-01,20.89,21.0,20.54,20.78,KVUE,11400563,-0.2234200743494423,-0.2234200743494423,20.78,20.89,21.0,20.54,11400563,20.35,20.46,20.57,20.12,11400563,0.129999999999999,0.0063
2024-02-02,20.83,20.92,20.63,20.72,KVUE,12678943,-0.22565055762081787,-0.22565055762081787,20.72,20.83,20.92,20.63,12678943,20.29,20.4,20.49,20.21,12678943,-0.060000000000002274,-0.0029
2024-02-05,20.48,20.75,20.25,20.75,KVUE,12643366,-0.23866171003717465,-0.23866171003717465,20.75,20.48,20.75,20.25,12643366,20.32,20.06,20.32,19.84,12643366,-0.34999999999999787,-0.0168
2024-02-06,20.6,20.75,20.4,20.44,KVUE,13267155,-0.23420074349442369,-0.23420074349442369,20.44,20.6,20.75,20.4,13267155,20.02,20.18,20.32,19.98,13267155,0.120000000000001,0.0059
2024-02-07,20.52,20.74,20.41,20.74,KVUE,26170257,-0.23717472118959104,-0.23717472118959104,20.74,20.52,20.74,20.41,26170257,20.31,20.1,20.31,19.99,26170257,-0.08000000000000185,-0.0039
2024-02-08,19.33,20.05,19.3,19.85,KVUE,44119619,-0.2814126394052045,-0.2814126394052045,19.85,19.33,20.05,19.3,44119619,19.44,18.93,19.63,18.9,44119619,-1.1900000000000013,-0.058
2024-02-09,19.33,19.61,19.08,19.2,KVUE,24589789,-0.2814126394052045,-0.2814126394052045,19.2,19.33,19.61,19.08,24589789,18.8,18.93,19.21,18.69,24589789,0.0,0.0
2024-02-12,19.59,19.64,19.3,19.47,KVUE,17750933,-0.2717472118959107,-0.2717472118959107,19.47,19.59,19.64,19.3,17750933,19.07,19.19,19.24,18.91,17750933,0.26000000000000156,0.0135
2024-02-13,19.25,19.59,19.09,19.4,KVUE,16678505,-0.2843866171003717,-0.2843866171003717,19.4,19.25,19.59,19.09,16678505,19.2,19.05,19.38,18.89,16678505,-0.33999999999999986,-0.0174
2024-02-14,19.09,19.36,19.01,19.22,KVUE,15853010,-0.29033457249070627,-0.29033457249070627,19.22,19.09,19.36,19.01,15853010,19.02,18.89,19.16,18.81,15853010,-0.16000000000000014,-0.0083
2024-02-15,19.05,19.26,19.0,19.11,KVUE,18646481,-0.2918215613382899,-0.2918215613382899,19.11,19.05,19.26,19.0,18646481,18.91,18.85,19.06,18.8,18646481,-0.03999999999999915,-0.0021
2024-02-16,19.05,19.1,18.91,19.01,KVUE,16387575,-0.2918215613382899,-0.2918215613382899,19.01,19.05,19.1,18.91,16387575,18.81,18.85,18.9,18.72,16387575,0.0,0.0
2024-02-20,19.06,19.13,18.85,18.99,KVUE,15817593,-0.29144981412639404,-0.29144981412639404,18.99,19.06,19.13,18.85,15817593,18.79,18.86,18.93,18.65,15817593,0.00999999999999801,0.0005
2024-02-21,19.3,19.34,18.9,19.1,KVUE,12660727,-0.2825278810408921,-0.2825278810408921,19.1,19.3,19.34,18.9,12660727,18.9,19.1,19.13,18.7,12660727,0.240000000000002,0.0126
2024-02-22,19.19,19.32,18.95,19.26,KVUE,11359224,-0.28661710037174715,-0.28661710037174715,19.26,19.19,19.32,18.95,11359224,19.06,18.99,19.12,18.75,11359224,-0.10999999999999943,-0.0057
2024-02-23,19.18,19.32,19.05,19.15,KVUE,13774642,-0.28698884758364307,-0.28698884758364307,19.15,19.18,19.32,19.05,13774642,18.95,18.98,19.12,18.85,13774642,-0.010000000000001563,-0.0005
2024-02-26,18.94,19.14,18.84,19.14,KVUE,17420163,-0.2959107806691449,-0.2959107806691449,19.14,18.94,19.14,18.84,17420163,18.94,18.74,18.94,18.64,17420163,-0.23999999999999844,-0.0125
2024-02-27,18.92,18.97,18.72,18.91,KVUE,15954207,-0.2966542750929367,-0.2966542750929367,18.91,18.92,18.97,18.72,15954207,18.71,18.72,18.77,18.52,15954207,-0.019999999999999574,-0.0011
2024-02-28,19.14,19.17,18.71,18.93,KVUE,16447667,-0.2884758364312267,-0.2884758364312267,18.93,19.14,19.17,18.71,16447667,18.73,18.94,18.97,18.51,16447667,0.21999999999999886,0.0116
2024-02-29,19.0,19.27,18.9,19.16,KVUE,19298629,-0.29368029739776946,-0.29368029739776946,19.16,19.0,19.27,18.9,19298629,18.96,18.8,19.06,18.7,19298629,-0.14000000000000057,-0.0073
2024-03-01,18.82,18.94,18.69,18.82,KVUE,14618598,-0.30037174721189586,-0.30037174721189586,18.82,18.82,18.94,18.69,14618598,18.62,18.62,18.74,18.49,14618598,-0.17999999999999972,-0.0095
2024-03-04,18.96,19.08,18.61,18.76,KVUE,18745474,-0.2951672862453531,-0.2951672862453531,18.76,18.96,19.08,18.61,18745474,18.56,18.76,18.88,18.41,18745474,0.14000000000000057,0.0074
2024-03-05,19.01,19.2,18.83,18.91,KVUE,19216175,-0.2933085501858735,-0.2933085501858735,18.91,19.01,19.2,18.83,19216175,18.71,18.81,19.0,18.63,19216175,0.05000000000000071,0.0026
2024-03-06,19.58,19.76,18.99,19.0,KVUE,17447930,-0.2721189591078067,-0.2721189591078067,19.0,19.58,19.76,18.99,17447930,18.8,19.37,19.55,18.79,17447930,0.5699999999999967,0.03
2024-03-07,19.8,20.23,19.66,19.69,KVUE,22511017,-0.2639405204460966,-0.2639405204460966,19.69,19.8,20.23,19.66,22511017,19.48,19.59,20.02,19.46,22511017,0.22000000000000242,0.0112
2024-03-08,20.02,20.13,19.67,19.69,KVUE,11932668,-0.2557620817843866,-0.2557620817843866,19.69,20.02,20.13,19.67,11932668,19.48,19.81,19.92,19.46,11932668,0.21999999999999886,0.0111
2024-03-11,20.15,20.34,20.02,20.06,KVUE,12106353,-0.2509293680297398,-0.2509293680297398,20.06,20.15,20.34,20.02,12106353,19.85,19.94,20.13,19.81,12106353,0.129999999999999,0.0065
2024-03-12,20.14,20.39,20.12,20.19,KVUE,12156760,-0.2513011152416356,-0.2513011152416356,20.19,20.14,20.39,20.12,12156760,19.98,19.93,20.18,19.91,12156760,-0.00999999999999801,-0.0005
2024-03-13,20.41,20.55,20.2,20.2,KVUE,23717418,-0.24126394052044606,-0.24126394052044606,20.2,20.41,20.55,20.2,23717418,19.99,20.2,20.33,19.99,23717418,0.2699999999999996,0.0134
2024-03-14,20.07,20.37,19.91,20.26,KVUE,18494043,-0.253903345724907,-0.253903345724907,20.26,20.07,20.37,19.91,18494043,20.05,19.86,20.16,19.71,18494043,-0.33999999999999986,-0.0167
2024-03-15,20.34,20.41,19.8,19.8,KVUE,68562280,-0.24386617100371744,-0.24386617100371744,19.8,20.34,20.41,19.8,68562280,19.59,20.13,20.2,19.59,68562280,0.2699999999999996,0.0135
2024-03-18,20.2,20.38,19.97,20.11,KVUE,18907574,-0.24907063197026022,-0.24907063197026022,20.11,20.2,20.38,19.97,18907574,19.9,19.99,20.17,19.76,18907574,-0.14000000000000057,-0.0069
2024-03-19,20.2,20.4,20.1,20.34,KVUE,18217348,-0.24907063197026022,-0.24907063197026022,20.34,20.2,20.4,20.1,18217348,20.13,19.99,20.19,19.89,18217348,0.0,0.0
2024-03-20,20.41,20.41,20.07,20.16,KVUE,13173427,-0.24126394052044606,-0.24126394052044606,20.16,20.41,20.41,20.07,13173427,19.95,20.2,20.2,19.86,13173427,0.21000000000000085,0.0104
2024-03-21,20.71,20.92,20.42,20.42,KVUE,18323578,-0.2301115241635687,-0.2301115241635687,20.42,20.71,20.92,20.42,18323578,20.21,20.49,20.7,20.21,18323578,0.3000000000000007,0.0147
2024-03-22,20.6,20.87,20.54,20.78,KVUE,10408924,-0.23420074349442369,-0.23420074349442369,20.78,20.6,20.87,20.54,10408924,20.56,20.38,20.65,20.32,10408924,-0.10999999999999943,-0.0053
2024-03-25,20.65,20.91,20.57,20.71,KVUE,11924721,-0.23234200743494424,-0.23234200743494424,20.71,20.65,20.91,20.57,11924721,20.49,20.43,20.69,20.35,11924721,0.04999999999999716,0.0024
2024-03-26,20.93,21.02,20.64,20.72,KVUE,14484299,-0.2219330855018587,-0.2219330855018587,20.72,20.93,21.02,20.64,14484299,20.5,20.71,20.8,20.42,14484299,0.28000000000000114,0.0136
2024-03-27,21.45,21.46,20.98,21.01,KVUE,13286705,-0.20260223048327136,-0.20260223048327136,21.01,21.45,21.46,20.98,13286705,20.79,21.22,21.23,20.76,13286705,0.5199999999999996,0.0248
2024-03-28,21.46,21.58,21.36,21.58,KVUE,14405440,-0.20223048327137538,-0.20223048327137538,21.58,21.46,21.58,21.36,14405440,21.35,21.23,21.35,21.14,14405440,0.010000000000001563,0.0005
2024-04-01,21.23,21.48,21.11,21.44,KVUE,10457625,-0.21078066914498136,-0.21078066914498136,21.44,21.23,21.48,21.11,10457625,21.21,21.01,21.25,20.89,10457625,-0.23000000000000043,-0.0107
2024-04-02,20.82,21.3,20.8,21.25,KVUE,15495077,-0.2260223048327137,-0.2260223048327137,21.25,20.82,21.3,20.8,15495077,21.03,20.6,21.08,20.58,15495077,-0.41000000000000014,-0.0193
2024-04-03,20.34,20.78,20.23,20.75,KVUE,15066277,-0.24386617100371744,-0.24386617100371744,20.75,20.34,20.78,20.23,15066277,20.53,20.13,20.56,20.02,15066277,-0.4800000000000004,-0.0231
2024-04-04,20.17,20.58,20.15,20.51,KVUE,12183557,-0.25018587360594785,-0.25018587360594785,20.51,20.17,20.58,20.15,12183557,20.29,19.96,20.36,19.94,12183557,-0.16999999999999815,-0.0084
2024-04-05,20.25,20.31,20.05,20.12,KVUE,11313103,-0.24721189591078063,-0.24721189591078063,20.12,20.25,20.31,20.05,11313103,19.91,20.04,20.1,19.84,11313103,0.0799999999999983,0.004
2024-04-08,20.06,20.26,20.05,20.25,KVUE,9262860,-0.254275092936803,-0.254275092936803,20.25,20.06,20.26,20.05,9262860,20.04,19.85,20.05,19.84,9262860,-0.19000000000000128,-0.0094
2024-04-09,20.35,20.45,19.99,20.09,KVUE,10106813,-0.24349442379182146,-0.24349442379182146,20.09,20.35,20.45,19.99,10106813,19.88,20.14,20.24,19.78,10106813,0.2900000000000027,0.0145
2024-04-10,20.24,20.29,20.01,20.14,KVUE,11808097,-0.2475836431226766,-0.2475836431226766,20.14,20.24,20.29,20.01,11808097,19.93,20.03,20.08,19.8,11808097,-0.11000000000000298,-0.0054
2024-04-11,19.45,19.98,19.35,19.96,KVUE,25410054,-0.27695167286245354,-0.27695167286245354,19.96,19.45,19.98,19.35,25410054,19.75,19.25,19.77,19.15,25410054,-0.7899999999999991,-0.039
2024-04-12,19.13,19.54,19.11,19.44,KVUE,9414887,-0.2888475836431227,-0.2888475836431227,19.44,19.13,19.54,19.11,9414887,19.24,18.93,19.33,18.91,9414887,-0.3200000000000003,-0.0165
2024-04-15,19.13,19.35,19.01,19.3,KVUE,13423461,-0.2888475836431227,-0.2888475836431227,19.3,19.13,19.35,19.01,13423461,19.1,18.93,19.15,18.81,13423461,0.0,0.0
2024-04-16,19.11,19.17,18.85,19.08,KVUE,20306587,-0.2895910780669145,-0.2895910780669145,19.08,19.11,19.17,18.85,20306587,18.88,18.91,18.97,18.65,20306587,-0.019999999999999574,-0.001
2024-04-17,19.27,19.35,19.05,19.33,KVUE,10022879,-0.28364312267657993,-0.28364312267657993,19.33,19.27,19.35,19.05,10022879,19.13,19.07,19.15,18.85,10022879,0.16000000000000014,0.0084
2024-04-18,19.58,19.61,19.26,19.37,KVUE,11215757,-0.2721189591078067,-0.2721189591078067,19.37,19.58,19.61,19.26,11215757,19.17,19.37,19.4,19.06,11215757,0.3099999999999987,0.0161
2024-04-19,19.58,19.69,19.39,19.49,KVUE,9506274,-0.2721189591078067,-0.2721189591078067,19.49,19.58,19.69,19.39,9506274,19.29,19.37,19.48,19.18,9506274,0.0,0.0
2024-04-22,19.58,19.71,19.18,19.58,KVUE,17453813,-0.2721189591078067,-0.2721189591078067,19.58,19.58,19.71,19.18,17453813,19.37,19.37,19.5,18.98,17453813,0.0,0.0
2024-04-23,19.37,19.71,19.27,19.6,KVUE,19765061,-0.27992565055762075,-0.27992565055762075,19.6,19.37,19.71,19.27,19765061,19.39,19.17,19.51,19.06,19765061,-0.2099999999999973,-0.0107
2024-04-24,19.13,19.35,19.11,19.27,KVUE,22713827,-0.2888475836431227,-0.2888475836431227,19.27,19.13,19.35,19.11,22713827,19.07,18.93,19.15,18.9,22713827,-0.240000000000002,-0.0124
2024-04-25,19.02,19.3,18.99,19.22,KVUE,14246347,-0.2929368029739777,-0.2929368029739777,19.22,19.02,19.3,18.99,14246347,19.02,18.82,19.09,18.79,14246347,-0.10999999999999943,-0.0058
2024-04-26,18.86,19.08,18.84,19.0,KVUE,15454689,-0.2988847583643123,-0.2988847583643123,19.0,18.86,19.08,18.84,15454689,18.8,18.66,18.88,18.64,15454689,-0.16000000000000014,-0.0084
2024-04-29,19.06,19.07,18.77,18.85,KVUE,13240823,-0.29144981412639404,-0.29144981412639404,18.85,19.06,19.07,18.77,13240823,18.65,18.86,18.87,18.58,13240823,0.1999999999999993,0.0106
2024-04-30,18.82,19.06,18.74,18.91,KVUE,26872694,-0.30037174721189586,-0.30037174721189586,18.91,18.82,19.06,18.74,26872694,18.71,18.62,18.86,18.54,26872694,-0.23999999999999844,-0.0126
2024-05-01,18.85,19.01,18.64,18.89,KVUE,12771062,-0.2992565055762081,-0.2992565055762081,18.89,18.85,19.01,18.64,12771062,18.69,18.65,18.81,18.44,12771062,0.030000000000001137,0.0016
2024-05-02,19.12,19.26,18.94,18.94,KVUE,22724700,-0.2892193308550185,-0.2892193308550185,18.94,19.12,19.26,18.94,22724700,18.74,18.92,19.06,18.74,22724700,0.2699999999999996,0.0143
2024-05-03,19.2,19.35,19.07,19.09,KVUE,15941057,-0.2862453531598513,-0.2862453531598513,19.09,19.2,19.35,19.07,15941057,18.89,19.0,19.15,18.87,15941057,0.0799999999999983,0.0042
2024-05-06,19.08,19.38,18.93,19.32,KVUE,26549625,-0.29070631970260224,-0.29070631970260224,19.32,19.08,19.38,18.93,26549625,19.12,18.88,19.18,18.74,26549625,-0.120000000000001,-0.0063
2024-05-07,20.08,20.23,19.45,19.45,KVUE,30039787,-0.25353159851301116,-0.25353159851301116,19.45,20.08,20.23,19.45,30039787,19.45,20.08,20.23,19.45,30039787,1.0,0.0524
2024-05-08,20.45,20.68,19.99,20.08,KVUE,24428758,-0.23977695167286245,-0.23977695167286245,20.08,20.45,20.68,19.99,24428758,20.08,20.45,20.68,19.99,24428758,0.370000000000001,0.0184
2024-05-09,20.54,20.61,20.36,20.51,KVUE,14394607,-0.23643122676579925,-0.23643122676579925,20.51,20.54,20.61,20.36,14394607,20.51,20.54,20.61,20.36,14394607,0.08999999999999986,0.0044
2024-05-10,20.54,20.61,20.33,20.59,KVUE,15019483,-0.23643122676579925,-0.23643122676579925,20.59,20.54,20.61,20.33,15019483,20.59,20.54,20.61,20.33,15019483,0.0,0.0
